season,teamId,team,conference,trackedShots,assistedPct,dunks_made,dunks_attempted,dunks_pct,dunks_assistedPct,dunks_assisted,layups_made,layups_attempted,layups_pct,layups_assistedPct,layups_assisted,tipIns_made,tipIns_attempted,tipIns_pct,twoPointJumpers_made,twoPointJumpers_attempted,twoPointJumpers_pct,twoPointJumpers_assistedPct,twoPointJumpers_assisted,threePointJumpers_made,threePointJumpers_attempted,threePointJumpers_pct,threePointJumpers_assistedPct,threePointJumpers_assisted,attemptsBreakdown_threePointJumpers,attemptsBreakdown_twoPointJumpers,attemptsBreakdown_tipIns,attemptsBreakdown_layups,attemptsBreakdown_dunks
2016,1,Abilene Christian,Southland,1525,25.4,40,44,90.9,72.5,29,273,453,60.3,42.9,117,6,6,100.0,190,508,37.4,34.2,65,193,514,37.5,91.2,176,33.7,33.3,0.4,29.7,2.9
2016,2,Air Force,Mountain West,1758,23.7,19,20,95.0,57.9,11,336,608,55.3,44.6,150,4,7,57.1,191,527,36.2,37.2,71,202,596,33.9,91.1,184,33.9,30.0,0.4,34.6,1.1
2016,3,Akron,MAC,1979,23.9,30,34,88.2,76.7,23,336,608,55.3,35.4,119,8,11,72.7,96,320,30.0,22.9,22,383,1006,38.1,80.4,308,50.8,16.2,0.6,30.7,1.7
2016,4,Alabama A&M,SWAC,660,20.9,27,30,90.0,59.3,16,92,164,56.1,38.0,35,4,6,66.7,65,225,28.9,40.0,26,74,235,31.5,82.4,61,35.6,34.1,0.9,24.8,4.5
2016,5,Alabama,SEC,1750,19.9,69,77,89.6,65.2,45,235,408,57.6,34.0,80,20,29,69.0,155,473,32.8,14.8,23,259,763,33.9,77.2,200,43.6,27.0,1.7,23.3,4.4
2016,6,Alabama State,SWAC,1305,19.8,27,30,90.0,63.0,17,203,359,56.5,36.9,75,5,7,71.4,160,471,34.0,41.9,67,139,438,31.7,71.2,99,33.6,36.1,0.5,27.5,2.3
2016,7,Alcorn State,SWAC,581,12.2,6,9,66.7,66.7,4,88,152,57.9,27.3,24,12,23,52.2,55,215,25.6,23.6,13,49,182,26.9,61.2,30,31.3,37.0,4.0,26.2,1.5
2016,8,American University,Patriot,1440,23.3,7,8,87.5,71.4,5,283,486,58.2,46.6,132,3,5,60.0,129,385,33.5,22.5,29,192,556,34.5,88.0,169,38.6,26.7,0.3,33.8,0.6
2016,9,App State,Sun Belt,1689,19.8,23,26,88.5,56.5,13,234,476,49.2,29.9,70,6,7,85.7,174,502,34.7,30.5,53,237,678,35.0,84.0,199,40.1,29.7,0.4,28.2,1.5
2016,10,Arizona State,Pac-12,1681,21.1,48,50,96.0,83.3,40,251,460,54.6,41.8,105,14,18,77.8,149,477,31.2,34.9,52,232,676,34.3,68.1,158,40.2,28.4,1.1,27.4,3.0
2016,11,Arizona,Pac-12,1909,24.7,127,138,92.0,82.7,105,309,529,58.4,34.6,107,30,46,65.2,242,638,37.9,34.3,83,216,558,38.7,81.5,176,29.2,33.4,2.4,27.7,7.2
2016,12,Arkansas,SEC,1992,25.4,71,73,97.3,83.1,59,294,494,59.5,48.0,141,21,33,63.6,281,848,33.1,44.5,125,216,544,39.7,83.8,181,27.3,42.6,1.7,24.8,3.7
2016,13,Arkansas State,Sun Belt,1854,20.2,20,23,87.0,75.0,15,291,564,51.6,37.5,109,23,44,52.3,256,654,39.1,39.8,102,179,569,31.5,83.2,149,30.7,35.3,2.4,30.4,1.2
2016,14,Arkansas-Pine Bluff,SWAC,936,17.4,15,18,83.3,73.3,11,123,254,48.4,39.8,49,7,9,77.8,82,303,27.1,25.6,21,105,352,29.8,78.1,82,37.6,32.4,1.0,27.1,1.9
2016,15,Army,Patriot,2027,23.9,27,29,93.1,74.1,20,370,695,53.2,38.4,142,15,17,88.2,173,429,40.3,34.7,60,288,857,33.6,91.3,263,42.3,21.2,0.8,34.3,1.4
2016,16,Auburn,SEC,1818,19.3,66,80,82.5,59.1,39,242,500,48.4,41.7,101,22,36,61.1,121,403,30.0,28.9,35,272,799,34.0,64.7,176,43.9,22.2,2.0,27.5,4.4
2016,17,Austin Peay,OVC,1949,22.8,91,100,91.0,69.2,63,375,670,56.0,44.5,167,21,25,84.0,190,555,34.2,27.4,52,206,599,34.4,78.6,162,30.7,28.5,1.3,34.4,5.1
2016,18,BYU,WCC,2299,25.5,68,71,95.8,80.9,55,368,600,61.3,43.2,159,14,27,51.9,294,759,38.7,33.7,99,322,842,38.2,84.8,273,36.6,33.0,1.2,26.1,3.1
2016,19,Ball State,MAC,1768,26.8,23,27,85.2,82.6,19,280,470,59.6,46.4,130,10,14,71.4,189,506,37.4,32.3,61,282,751,37.5,93.6,264,42.5,28.6,0.8,26.6,1.5
2016,20,Baylor,Big 12,2005,29.8,77,84,91.7,87.0,67,358,616,58.1,57.3,205,45,73,61.6,243,660,36.8,56.8,138,210,572,36.7,89.0,187,28.5,32.9,3.6,30.7,4.2
2016,22,Belmont,OVC,1551,29.9,26,27,96.3,65.4,17,328,460,71.3,52.7,173,15,18,83.3,103,253,40.7,23.3,24,286,793,36.1,87.1,249,51.1,16.3,1.2,29.7,1.7
2016,23,Bethune-Cookman,MEAC,1346,18.6,63,74,85.1,68.3,43,194,387,50.1,35.6,69,16,22,72.7,117,331,35.3,31.6,37,161,532,30.3,63.4,102,39.5,24.6,1.6,28.8,5.5
2016,24,Binghamton,Am. East,1503,20.6,39,43,90.7,87.2,34,259,493,52.5,35.5,92,5,12,41.7,127,402,31.6,41.7,53,159,553,28.8,82.4,131,36.8,26.7,0.8,32.8,2.9
2016,25,Boise State,Mountain West,1800,22.8,57,63,90.5,71.9,41,368,556,66.2,33.4,123,10,12,83.3,127,399,31.8,18.1,23,255,770,33.1,87.5,223,42.8,22.2,0.7,30.9,3.5
2016,26,Boston College,ACC,1727,23.3,61,71,85.9,78.7,48,254,473,53.7,47.2,120,5,12,41.7,162,475,34.1,42.0,68,224,696,32.2,74.1,166,40.3,27.5,0.7,27.4,4.1
2016,27,Boston University,Patriot,1774,23.9,40,43,93.0,72.5,29,363,637,57.0,43.3,157,4,8,50.0,143,390,36.7,28.7,41,256,696,36.8,77.0,197,39.2,22.0,0.5,35.9,2.4
2016,28,Bowling Green,MAC,1790,21.2,45,52,86.5,64.4,29,412,756,54.5,38.1,157,9,11,81.8,137,434,31.6,21.2,29,196,537,36.5,83.7,164,30.0,24.2,0.6,42.2,2.9
2016,29,Bradley,MVC,1552,18.0,20,25,80.0,80.0,16,173,322,53.7,23.1,40,13,15,86.7,217,610,35.6,35.0,76,163,580,28.1,90.8,148,37.4,39.3,1.0,20.7,1.6
2016,30,Brown,Ivy,1449,25.3,5,6,83.3,60.0,3,324,602,53.8,46.6,151,7,9,77.8,85,269,31.6,30.6,26,201,563,35.7,93.0,187,38.9,18.6,0.6,41.5,0.4
2016,31,Bryant,NEC,1679,22.8,34,37,91.9,70.6,24,336,629,53.4,53.0,178,18,26,69.2,135,416,32.5,30.4,41,186,571,32.6,75.3,140,34.0,24.8,1.5,37.5,2.2
2016,32,Bucknell,Patriot,1665,27.2,32,38,84.2,84.4,27,342,621,55.1,43.6,149,14,22,63.6,183,395,46.3,44.8,82,214,589,36.3,91.1,195,35.4,23.7,1.3,37.3,2.3
2016,33,Buffalo,MAC,1867,20.7,42,47,89.4,69.0,29,389,698,55.7,32.4,126,22,27,81.5,122,405,30.1,25.4,31,240,690,34.8,83.8,201,37.0,21.7,1.4,37.4,2.5
2016,34,Butler,Big East,1927,23.5,54,57,94.7,72.2,39,374,601,62.2,39.6,148,13,23,56.5,229,660,34.7,25.8,59,230,586,39.2,90.0,207,30.4,34.3,1.2,31.2,3.0
2016,35,Cal Poly,Big West,1697,24.1,55,60,91.7,83.6,46,232,446,52.0,34.1,79,13,21,61.9,187,535,35.0,38.5,72,224,635,35.3,94.6,212,37.4,31.5,1.2,26.3,3.5
2016,36,Cal State Bakersfield,WAC,1874,26.3,37,40,92.5,59.5,22,404,737,54.8,53.0,214,43,66,65.2,188,520,36.2,56.4,106,174,511,34.1,86.2,150,27.3,27.7,3.5,39.3,2.1
2016,37,Cal State Fullerton,Big West,1595,18.1,15,22,68.2,33.3,5,256,449,57.0,27.0,69,4,6,66.7,202,573,35.3,34.2,69,181,545,33.2,80.1,145,34.2,35.9,0.4,28.2,1.4
2016,38,Cal State Northridge,Big West,1664,24.0,28,32,87.5,71.4,20,401,745,53.8,53.9,216,6,7,85.7,166,475,34.9,43.4,72,117,405,28.9,78.6,92,24.3,28.5,0.4,44.8,1.9
2016,40,California,Pac-12,1936,22.1,77,86,89.5,62.3,48,335,565,59.3,31.0,104,31,37,83.8,211,597,35.3,29.4,62,236,651,36.3,90.3,213,33.6,30.8,1.9,29.2,4.4
2016,41,Campbell,Big South,1502,20.4,29,31,93.5,55.2,16,306,502,61.0,36.9,113,11,12,91.7,117,337,34.7,19.7,23,204,620,32.9,76.0,155,41.3,22.4,0.8,33.4,2.1
2016,42,Canisius,MAAC,1961,22.8,27,30,90.0,70.4,19,371,733,50.6,37.5,139,20,36,55.6,128,345,37.1,39.1,50,278,817,34.0,86.0,239,41.7,17.6,1.8,37.4,1.5
2016,43,Central Arkansas,Southland,1657,22.3,26,29,89.7,80.8,21,332,585,56.8,44.0,146,10,15,66.7,181,531,34.1,28.2,51,185,497,37.2,81.6,151,30.0,32.0,0.9,35.3,1.8
2016,44,Central Connecticut,NEC,1701,19.9,23,27,85.2,60.9,14,299,615,48.6,33.8,101,11,17,64.7,185,563,32.9,43.8,81,164,479,34.2,87.2,143,28.2,33.1,1.0,36.2,1.6
2016,45,Central Michigan,MAC,955,21.2,25,27,92.6,84.0,21,137,250,54.8,26.3,36,2,3,66.7,79,215,36.7,15.2,12,150,460,32.6,88.7,133,48.2,22.5,0.3,26.2,2.8
2016,46,Charleston,CAA,1149,19.8,32,37,86.5,78.1,25,194,342,56.7,39.2,76,8,10,80.0,126,365,34.5,22.2,28,133,395,33.7,74.4,99,34.4,31.8,0.9,29.8,3.2
2016,47,Charleston Southern,Big South,1749,21.3,26,27,96.3,46.2,12,273,459,59.5,32.6,89,12,18,66.7,162,458,35.4,27.2,44,274,787,34.8,83.2,228,45.0,26.2,1.0,26.2,1.5
2016,48,Charlotte,CUSA,2005,22.7,34,39,87.2,61.8,21,389,649,59.9,44.2,172,3,7,42.9,205,639,32.1,27.8,57,255,671,38.0,80.4,205,33.5,31.9,0.3,32.4,1.9
2016,49,Chattanooga,SoCon,1796,24.5,105,119,88.2,79.0,83,304,532,57.1,38.2,116,11,16,68.8,155,457,33.9,23.2,36,236,672,35.1,86.9,205,37.4,25.4,0.9,29.6,6.6
2016,50,Chicago State,Indep.,1765,18.1,13,14,92.9,61.5,8,292,587,49.7,39.7,116,8,12,66.7,150,492,30.5,32.0,48,199,660,30.2,73.9,147,37.4,27.9,0.7,33.3,0.8
2016,50,Chicago State,WAC,1765,18.1,13,14,92.9,61.5,8,292,587,49.7,39.7,116,8,12,66.7,150,492,30.5,32.0,48,199,660,30.2,73.9,147,37.4,27.9,0.7,33.3,0.8
2016,51,Cincinnati,American,1980,25.4,71,76,93.4,80.3,57,290,498,58.2,48.3,140,28,35,80.0,210,646,32.5,43.3,91,252,725,34.8,85.3,215,36.6,32.6,1.8,25.2,3.8
2016,52,Clemson,ACC,1726,23.8,72,79,91.1,75.0,54,266,480,55.4,41.0,109,27,41,65.9,151,447,33.8,27.2,41,238,679,35.1,87.0,207,39.3,25.9,2.4,27.8,4.6
2016,53,Cleveland State,Horizon,1702,18.6,21,25,84.0,61.9,13,258,497,51.9,38.0,98,14,28,50.0,226,629,35.9,31.9,72,170,523,32.5,78.8,134,30.7,37.0,1.6,29.2,1.5
2016,54,Coastal Carolina,Big South,1803,20.6,57,61,93.4,57.9,33,337,585,57.6,35.0,118,11,19,57.9,170,449,37.9,18.8,32,235,689,34.1,80.4,189,38.2,24.9,1.1,32.4,3.4
2016,55,Colgate,Patriot,1672,23.3,11,13,84.6,63.6,7,300,542,55.4,38.7,116,3,4,75.0,166,396,41.9,28.9,48,267,717,37.2,82.0,219,42.9,23.7,0.2,32.4,0.8
2016,56,Colorado,Pac-12,1969,22.8,74,77,96.1,68.9,51,299,614,48.7,34.1,102,27,34,79.4,194,616,31.5,39.2,76,247,628,39.3,89.1,220,31.9,31.3,1.7,31.2,3.9
2016,57,Colorado State,Mountain West,1918,22.1,51,55,92.7,82.4,42,309,583,53.0,34.0,105,4,6,66.7,149,436,34.2,28.2,42,304,838,36.3,77.3,235,43.7,22.7,0.3,30.4,2.9
2016,58,Columbia,Ivy,1930,25.9,41,47,87.2,80.5,33,407,762,53.4,39.3,160,16,27,59.3,81,229,35.4,40.7,33,327,865,37.8,83.5,273,44.8,11.9,1.4,39.5,2.4
2016,59,Coppin State,MEAC,844,17.2,6,6,100.0,83.3,5,106,220,48.2,30.2,32,4,10,40.0,85,299,28.4,24.7,21,106,309,34.3,82.1,87,36.6,35.4,1.2,26.1,0.7
2016,60,Cornell,Ivy,1608,17.9,22,25,88.0,50.0,11,254,488,52.0,20.1,51,4,7,57.1,161,424,38.0,26.1,42,227,664,34.2,81.1,184,41.3,26.4,0.4,30.3,1.6
2016,61,Creighton,Big East,1591,23.2,34,41,82.9,67.6,23,324,518,62.5,37.7,122,16,24,66.7,141,398,35.4,27.7,39,204,610,33.4,90.7,185,38.3,25.0,1.5,32.6,2.6
2016,62,Dartmouth,Ivy,1492,22.5,28,29,96.6,60.7,17,300,557,53.9,42.7,128,5,10,50.0,181,473,38.3,37.0,67,144,423,34.0,85.4,123,28.4,31.7,0.7,37.3,1.9
2016,63,Davidson,A-10,2020,24.3,37,44,84.1,86.5,32,313,513,61.0,41.2,129,6,8,75.0,221,565,39.1,26.7,59,317,890,35.6,85.2,270,44.1,28.0,0.4,25.4,2.2
2016,64,Dayton,A-10,1834,25.7,64,69,92.8,75.0,48,329,528,62.3,47.4,156,22,38,57.9,200,558,35.8,35.0,70,221,641,34.5,89.6,198,35.0,30.4,2.1,28.8,3.8
2016,65,DePaul,Big East,1636,21.4,25,27,92.6,68.0,17,326,571,57.1,37.7,123,12,18,66.7,206,548,37.6,34.5,71,163,472,34.5,85.3,139,28.9,33.5,1.1,34.9,1.7
2016,66,Delaware,CAA,1444,18.8,30,32,93.8,86.7,26,256,521,49.1,26.2,67,7,12,58.3,150,441,34.0,42.7,64,142,438,32.4,80.3,114,30.3,30.5,0.8,36.1,2.2
2016,67,Delaware State,MEAC,1050,19.8,7,13,53.8,14.3,1,134,251,53.4,43.3,58,6,6,100.0,121,392,30.9,43.8,53,123,388,31.7,78.0,96,37.0,37.3,0.6,23.9,1.2
2016,68,Denver,Summit,1359,30.4,4,4,100.0,25.0,1,309,505,61.2,51.8,160,3,5,60.0,105,262,40.1,42.9,45,225,583,38.6,92.0,207,42.9,19.3,0.4,37.2,0.3
2016,69,Detroit Mercy,Horizon,1803,21.4,53,55,96.4,67.9,36,298,525,56.8,35.2,105,31,39,79.5,220,564,39.0,22.3,49,237,620,38.2,82.3,195,34.4,31.3,2.2,29.1,3.1
2016,70,Drake,MVC,1587,23.0,14,14,100.0,71.4,10,296,518,57.1,42.2,125,12,13,92.3,182,497,36.6,34.1,62,209,545,38.3,80.4,168,34.3,31.3,0.8,32.6,0.9
2016,71,Drexel,CAA,1665,21.8,33,35,94.3,78.8,26,239,454,52.6,45.2,108,10,23,43.5,210,650,32.3,42.4,89,162,503,32.2,86.4,140,30.2,39.0,1.4,27.3,2.1
2016,72,Duke,ACC,2137,22.4,106,112,94.6,71.7,76,323,571,56.6,22.9,74,14,31,45.2,212,572,37.1,15.6,33,328,851,38.5,89.9,295,39.8,26.8,1.5,26.7,5.2
2016,73,Duquesne,A-10,1921,25.6,96,110,87.3,78.1,75,331,600,55.2,39.6,131,25,33,75.8,137,364,37.6,31.4,43,301,814,37.0,80.7,243,42.4,18.9,1.7,31.2,5.7
2016,74,East Carolina,American,1727,27.3,40,49,81.6,82.5,33,274,474,57.8,48.5,133,15,22,68.2,176,513,34.3,46.6,82,228,669,34.1,97.8,223,38.7,29.7,1.3,27.4,2.8
2016,75,East Tennessee State,SoCon,2084,20.9,78,86,90.7,50.0,39,346,625,55.4,31.2,108,8,9,88.9,239,600,39.8,23.4,56,289,764,37.8,80.6,233,36.7,28.8,0.4,30.0,4.1
2016,77,Eastern Illinois,OVC,1626,24.0,21,24,87.5,61.9,13,291,438,66.4,40.2,117,5,5,100.0,185,564,32.8,38.4,71,217,595,36.5,87.1,189,36.6,34.7,0.3,26.9,1.5
2016,78,Eastern Kentucky,OVC,1761,27.4,95,100,95.0,67.4,64,272,462,58.9,46.0,125,34,54,63.0,205,491,41.8,38.5,79,258,654,39.4,82.9,214,37.1,27.9,3.1,26.2,5.7
2016,79,Eastern Michigan,MAC,1815,18.4,69,73,94.5,65.2,45,354,632,56.0,37.3,132,42,51,82.4,169,512,33.0,23.1,39,162,547,29.6,72.8,118,30.1,28.2,2.8,34.8,4.0
2016,80,Eastern Washington,Big Sky,1929,22.3,67,73,91.8,56.7,38,384,617,62.2,24.0,92,4,6,66.7,136,341,39.9,13.2,18,344,892,38.6,82.0,282,46.2,17.7,0.3,32.0,3.8
2016,81,Elon,CAA,1761,25.2,20,21,95.2,70.0,14,348,549,63.4,45.7,159,3,3,100.0,138,393,35.1,20.3,28,273,795,34.3,89.0,243,45.1,22.3,0.2,31.2,1.2
2016,82,Evansville,MVC,1738,33.0,61,62,98.4,80.3,49,396,624,63.5,62.4,247,11,14,78.6,223,603,37.0,63.2,141,156,435,35.9,87.2,136,25.0,34.7,0.8,35.9,3.6
2016,83,Fairfield,MAAC,1919,24.8,42,42,100.0,73.8,31,381,700,54.4,44.4,169,10,16,62.5,125,375,33.3,37.6,47,276,786,35.1,82.6,228,41.0,19.5,0.8,36.5,2.2
2016,84,Fairleigh Dickinson,NEC,1970,22.7,53,59,89.8,73.6,39,445,805,55.3,40.0,178,10,16,62.5,162,455,35.6,24.7,40,228,635,35.9,83.3,190,32.2,23.1,0.8,40.9,3.0
2016,85,Florida A&M,MEAC,648,17.4,6,7,85.7,50.0,3,108,220,49.1,39.8,43,3,6,50.0,52,182,28.6,30.8,16,63,233,27.0,81.0,51,36.0,28.1,0.9,34.0,1.1
2016,86,Florida Atlantic,CUSA,1847,20.7,51,56,91.1,66.7,34,283,551,51.4,31.8,90,15,20,75.0,174,542,32.1,40.2,70,229,678,33.8,82.1,188,36.7,29.3,1.1,29.8,3.0
2016,87,Florida,SEC,2187,21.8,158,177,89.3,62.0,98,302,550,54.9,35.4,107,26,36,72.2,186,613,30.3,23.1,43,258,811,31.8,88.8,229,37.1,28.0,1.6,25.1,8.1
2016,88,Florida Gulf Coast,ASUN,1985,23.2,77,84,91.7,61.0,47,481,851,56.5,39.1,188,21,28,75.0,202,531,38.0,36.6,74,176,491,35.8,85.8,151,24.7,26.8,1.4,42.9,4.2
2016,89,Florida International,CUSA,1725,21.7,79,85,92.9,70.9,56,331,580,57.1,36.3,120,13,19,68.4,206,556,37.1,23.8,49,177,485,36.5,84.2,149,28.1,32.2,1.1,33.6,4.9
2016,90,Florida State,ACC,2041,21.8,108,121,89.3,73.1,79,370,606,61.1,38.4,142,39,55,70.9,211,613,34.4,22.7,48,220,646,34.1,80.0,176,31.7,30.0,2.7,29.7,5.9
2016,91,Fordham,A-10,1744,27.7,23,23,100.0,69.6,16,367,586,62.6,52.6,193,3,4,75.0,146,429,34.0,40.4,59,243,702,34.6,88.5,215,40.3,24.6,0.2,33.6,1.3
2016,92,Fresno State,Mountain West,2006,22.0,99,107,92.5,72.7,72,307,545,56.3,32.2,99,10,15,66.7,245,728,33.7,46.9,115,215,611,35.2,72.1,155,30.5,36.3,0.7,27.2,5.3
2016,93,Furman,SoCon,1752,22.9,45,48,93.8,64.4,29,390,637,61.2,37.9,148,9,11,81.8,118,322,36.6,25.4,30,237,734,32.3,81.9,194,41.9,18.4,0.6,36.4,2.7
2016,94,Gardner-Webb,Big South,1781,20.5,36,40,90.0,55.6,20,290,531,54.6,39.0,113,10,15,66.7,168,485,34.6,28.0,47,239,710,33.7,77.4,185,39.9,27.2,0.8,29.8,2.2
2016,95,George Mason,A-10,1884,17.1,36,41,87.8,72.2,26,299,527,56.7,30.8,92,16,25,64.0,243,706,34.4,21.4,52,171,585,29.2,88.9,152,31.1,37.5,1.3,28.0,2.2
2016,96,George Washington,A-10,2145,23.9,37,39,94.9,59.5,22,389,696,55.9,40.6,158,16,26,61.5,255,678,37.6,34.9,89,260,706,36.8,93.5,243,32.9,31.6,1.2,32.4,1.8
2016,97,Georgetown,Big East,1727,23.6,35,36,97.2,68.6,24,252,397,63.5,38.9,98,8,12,66.7,223,569,39.2,36.8,82,250,713,35.1,81.2,203,41.3,32.9,0.7,23.0,2.1
2016,98,Georgia,SEC,1890,22.3,40,45,88.9,85.0,34,249,451,55.2,51.0,127,34,54,63.0,256,743,34.5,41.0,105,220,597,36.9,70.9,156,31.6,39.3,2.9,23.9,2.4
2016,99,Georgia Southern,Sun Belt,1697,17.1,19,24,79.2,57.9,11,286,547,52.3,25.9,74,13,18,72.2,118,366,32.2,14.4,17,252,742,34.0,74.6,188,43.7,21.6,1.1,32.2,1.4
2016,100,Georgia State,Sun Belt,1597,22.0,36,40,90.0,58.3,21,272,505,53.9,37.9,103,19,27,70.4,229,589,38.9,41.5,95,149,436,34.2,88.6,132,27.3,36.9,1.7,31.6,2.5
2016,101,Georgia Tech,ACC,2150,22.5,55,61,90.2,67.3,37,305,539,56.6,42.0,128,43,58,74.1,350,895,39.1,37.4,131,213,597,35.7,87.8,187,27.8,41.6,2.7,25.1,2.8
2016,102,Gonzaga,WCC,2082,24.0,39,45,86.7,74.4,29,392,619,63.3,38.3,150,19,25,76.0,280,654,42.8,33.2,93,281,739,38.0,81.1,228,35.5,31.4,1.2,29.7,2.2
2016,103,Grambling,SWAC,510,14.9,4,4,100.0,50.0,2,86,179,48.0,34.9,30,1,4,25.0,43,144,29.9,20.9,9,50,179,27.9,70.0,35,35.1,28.2,0.8,35.1,0.8
2016,104,Grand Canyon,WAC,1743,25.2,51,62,82.3,70.6,36,431,757,56.9,46.9,202,2,4,50.0,125,407,30.7,27.2,34,181,513,35.3,92.3,167,29.4,23.4,0.2,43.4,3.6
2016,105,Green Bay,Horizon,2223,20.9,55,60,91.7,65.5,36,461,818,56.4,38.8,179,26,39,66.7,206,616,33.4,30.1,62,240,690,34.8,77.9,187,31.0,27.7,1.8,36.8,2.7
2016,106,Hampton,MEAC,1523,19.2,48,57,84.2,72.9,35,290,534,54.3,34.1,99,5,5,100.0,129,422,30.6,32.6,42,158,505,31.3,74.1,117,33.2,27.7,0.3,35.1,3.7
2016,107,Harvard,Ivy,1521,26.6,69,74,93.2,85.5,59,258,471,54.8,51.6,133,10,17,58.8,146,445,32.8,33.6,49,196,514,38.1,83.7,164,33.8,29.3,1.1,31.0,4.9
2016,108,Hawai'i,Big West,1830,26.8,61,66,92.4,63.9,39,308,489,63.0,50.6,156,5,5,100.0,244,575,42.4,41.0,100,223,695,32.1,87.4,195,38.0,31.4,0.3,26.7,3.6
2016,109,High Point,Big South,1852,26.2,38,39,97.4,73.7,28,439,745,58.9,48.3,212,23,31,74.2,197,550,35.8,43.7,86,187,487,38.4,85.6,160,26.3,29.7,1.7,40.2,2.1
2016,110,Hofstra,CAA,1871,24.5,30,31,96.8,83.3,25,411,693,59.3,45.3,186,14,25,56.0,101,363,27.8,26.7,27,269,759,35.4,82.2,221,40.6,19.4,1.3,37.0,1.7
2016,111,Holy Cross,Patriot,1659,25.1,16,16,100.0,62.5,10,339,638,53.1,46.9,159,3,3,100.0,115,338,34.0,50.4,58,211,664,31.8,89.6,189,40.0,20.4,0.2,38.5,1.0
2016,112,Houston Christian,Southland,1790,24.7,35,39,89.7,65.7,23,399,611,65.3,41.9,167,8,11,72.7,220,602,36.5,37.3,82,193,527,36.6,88.1,170,29.4,33.6,0.6,34.1,2.2
2016,113,Houston,American,1781,21.7,75,79,94.9,66.7,50,280,447,62.6,29.6,83,22,33,66.7,262,660,39.7,30.5,80,198,562,35.2,87.4,173,31.6,37.1,1.9,25.1,4.4
2016,114,Howard,MEAC,679,14.9,19,20,95.0,63.2,12,112,225,49.8,29.5,33,8,12,66.7,65,225,28.9,24.6,16,67,197,34.0,59.7,40,29.0,33.1,1.8,33.1,2.9
2016,115,IU Indianapolis,Summit,1673,19.5,12,13,92.3,66.7,8,318,588,54.1,40.9,130,16,34,47.1,208,557,37.3,27.4,57,167,481,34.7,79.0,132,28.8,33.3,2.0,35.1,0.8
2016,116,Idaho State,Big Sky,1649,21.1,23,24,95.8,65.2,15,297,554,53.6,32.3,96,8,12,66.7,156,418,37.3,30.8,48,235,641,36.7,80.4,189,38.9,25.3,0.7,33.6,1.5
2016,117,Idaho,Big Sky,1598,23.7,42,44,95.5,61.9,26,308,600,51.3,41.2,127,7,11,63.6,165,434,38.0,38.8,64,196,509,38.5,82.7,162,31.9,27.2,0.7,37.5,2.8
2016,118,Illinois,Big Ten,1991,23.0,30,37,81.1,60.0,18,236,373,63.3,36.9,87,10,17,58.8,308,802,38.4,36.7,113,276,762,36.2,86.6,239,38.3,40.3,0.9,18.7,1.9
2016,119,Illinois State,MVC,1715,21.7,40,49,81.6,85.0,34,216,390,55.4,35.2,76,14,26,53.8,220,578,38.1,26.8,59,229,672,34.1,89.1,204,39.2,33.7,1.5,22.7,2.9
2016,120,Incarnate Word,Southland,1517,25.2,14,19,73.7,85.7,12,275,500,55.0,46.9,129,6,14,42.9,146,415,35.2,40.4,59,214,569,37.6,85.0,182,37.5,27.4,0.9,33.0,1.3
2016,121,Indiana,Big Ten,2033,27.4,109,118,92.4,68.8,75,407,673,60.5,40.8,166,20,33,60.6,140,378,37.0,20.7,29,345,831,41.5,83.2,287,40.9,18.6,1.6,33.1,5.8
2016,122,Indiana State,MVC,1773,18.2,29,34,85.3,65.5,19,263,509,51.7,31.2,82,21,31,67.7,180,525,34.3,25.6,46,205,674,30.4,85.9,176,38.0,29.6,1.7,28.7,1.9
2016,123,Iona,MAAC,2010,27.2,51,57,89.5,68.6,35,389,701,55.5,44.0,171,18,34,52.9,134,335,40.0,44.8,60,326,883,36.9,85.9,280,43.9,16.7,1.7,34.9,2.8
2016,124,Iowa,Big Ten,2025,25.7,49,59,83.1,49.0,24,320,501,63.9,49.7,159,14,27,51.9,254,720,35.3,41.7,106,269,718,37.5,86.2,232,35.5,35.6,1.3,24.7,2.9
2016,125,Iowa State,Big 12,2095,26.5,126,139,90.6,81.7,103,357,560,63.8,44.0,157,18,29,62.1,269,630,42.7,22.3,60,280,737,38.0,84.3,236,35.2,30.1,1.4,26.7,6.6
2016,126,Jackson State,SWAC,975,18.1,9,10,90.0,55.6,5,142,312,45.5,29.6,42,12,23,52.2,89,292,30.5,42.7,38,109,338,32.2,83.5,91,34.7,29.9,2.4,32.0,1.0
2016,127,Jacksonville,ASUN,1920,20.2,39,42,92.9,64.1,25,270,544,49.6,28.5,77,11,16,68.8,242,621,39.0,16.9,41,274,697,39.3,89.4,245,36.3,32.3,0.8,28.3,2.2
2016,128,Jacksonville State,ASUN,1505,21.1,30,32,93.8,70.0,21,202,415,48.7,34.2,69,7,9,77.8,160,443,36.1,39.4,63,205,606,33.8,80.0,164,40.3,29.4,0.6,27.6,2.1
2016,128,Jacksonville State,OVC,1505,21.1,30,32,93.8,70.0,21,202,415,48.7,34.2,69,7,9,77.8,160,443,36.1,39.4,63,205,606,33.8,80.0,164,40.3,29.4,0.6,27.6,2.1
2016,129,James Madison,CAA,1721,22.1,18,20,90.0,77.8,14,318,533,59.7,40.9,130,3,4,75.0,174,440,39.5,17.8,31,260,724,35.9,78.8,205,42.1,25.6,0.2,31.0,1.2
2016,130,Kansas City,Summit,1595,20.1,32,44,72.7,78.1,25,290,508,57.1,35.2,102,26,38,68.4,142,467,30.4,23.2,33,200,538,37.2,80.0,160,33.7,29.3,2.4,31.8,2.8
2016,130,Kansas City,WAC,1595,20.1,32,44,72.7,78.1,25,290,508,57.1,35.2,102,26,38,68.4,142,467,30.4,23.2,33,200,538,37.2,80.0,160,33.7,29.3,2.4,31.8,2.8
2016,131,Kansas,Big 12,2207,27.4,106,124,85.5,79.2,84,390,644,60.6,47.4,185,31,43,72.1,261,668,39.1,36.4,95,304,728,41.8,78.9,240,33.0,30.3,1.9,29.2,5.6
2016,132,Kansas State,Big 12,1876,24.3,51,55,92.7,82.4,42,385,655,58.8,46.5,179,38,58,65.5,156,525,29.7,51.3,80,175,583,30.0,88.6,155,31.1,28.0,3.1,34.9,2.9
2016,133,Kennesaw State,ASUN,1511,20.8,27,33,81.8,63.0,17,292,489,59.7,37.3,109,4,5,80.0,205,556,36.9,40.0,82,149,428,34.8,71.1,106,28.3,36.8,0.3,32.4,2.2
2016,134,Kent State,MAC,1769,20.1,43,50,86.0,60.5,26,294,498,59.0,32.7,96,19,21,90.5,261,675,38.7,28.7,75,175,525,33.3,90.3,158,29.7,38.2,1.2,28.2,2.8
2016,135,Kentucky,SEC,2149,23.9,156,170,91.8,76.3,119,311,522,59.6,29.6,92,23,30,76.7,294,761,38.6,33.3,98,244,666,36.6,83.6,204,31.0,35.4,1.4,24.3,7.9
2016,136,LSU,SEC,1929,25.6,117,127,92.1,70.1,82,349,555,62.9,44.7,156,21,33,63.6,211,617,34.2,42.2,89,198,597,33.2,83.8,166,30.9,32.0,1.7,28.8,6.6
2016,137,La Salle,A-10,1539,22.8,31,33,93.9,80.6,25,260,501,51.9,48.5,126,8,17,47.1,87,300,29.0,27.6,24,234,688,34.0,75.2,176,44.7,19.5,1.1,32.6,2.1
2016,138,Lafayette,Patriot,1568,23.7,5,5,100.0,40.0,2,279,497,56.1,35.1,98,5,9,55.6,181,447,40.5,46.4,84,219,610,35.9,85.4,187,38.9,28.5,0.6,31.7,0.3
2016,139,Lamar,Southland,1616,23.1,23,32,71.9,87.0,20,295,531,55.6,46.8,138,18,34,52.9,181,488,37.1,36.5,66,173,531,32.6,86.1,149,32.9,30.2,2.1,32.9,2.0
2016,141,Lehigh,Patriot,1774,26.7,20,22,90.9,80.0,16,367,681,53.9,43.9,161,7,10,70.0,179,458,39.1,43.0,77,237,603,39.3,92.4,219,34.0,25.8,0.6,38.4,1.2
2016,142,Liberty,Big South,1592,25.5,36,37,97.3,69.4,25,277,498,55.6,35.0,97,15,23,65.2,114,280,40.7,29.8,34,275,754,36.5,90.9,250,47.4,17.6,1.4,31.3,2.3
2016,143,Lipscomb,ASUN,1391,28.3,31,35,88.6,74.2,23,277,480,57.7,46.9,130,6,9,66.7,82,238,34.5,37.8,31,233,629,37.0,89.7,209,45.2,17.1,0.6,34.5,2.5
2016,144,Little Rock,Sun Belt,1747,22.2,35,41,85.4,77.1,27,296,506,58.5,40.2,119,7,12,58.3,210,567,37.0,31.0,65,230,621,37.0,77.0,177,35.5,32.5,0.7,29.0,2.3
2016,145,Long Beach State,Big West,1381,26.5,61,68,89.7,73.8,45,203,380,53.4,55.7,113,3,8,37.5,144,397,36.3,34.7,50,195,528,36.9,81.0,158,38.2,28.7,0.6,27.5,4.9
2016,146,Long Island University,NEC,1648,22.3,52,62,83.9,84.6,44,347,638,54.4,41.2,143,9,20,45.0,141,398,35.4,38.3,54,152,530,28.7,82.9,126,32.2,24.2,1.2,38.7,3.8
2016,147,Longwood,Big South,1841,21.6,86,90,95.6,61.6,53,338,605,55.9,33.4,113,14,20,70.0,175,493,35.5,31.4,55,220,633,34.8,80.0,176,34.4,26.8,1.1,32.9,4.9
2016,148,Louisiana,Sun Belt,1905,20.1,67,69,97.1,68.7,46,415,727,57.1,32.0,133,22,26,84.6,123,430,28.6,29.3,36,201,653,30.8,83.1,167,34.3,22.6,1.4,38.2,3.6
2016,149,Louisiana Tech,CUSA,1961,22.6,91,105,86.7,63.7,58,410,700,58.6,33.4,137,13,19,68.4,148,446,33.2,35.1,52,233,691,33.7,84.1,196,35.2,22.7,1.0,35.7,5.4
2016,150,Louisville,ACC,1821,22.6,105,117,89.7,79.0,83,289,492,58.7,41.2,119,38,63,60.3,237,622,38.1,26.2,62,183,527,34.7,80.9,148,28.9,34.2,3.5,27.0,6.4
2016,151,Loyola Chicago,MVC,1648,21.9,29,36,80.6,65.5,19,253,444,57.0,44.7,113,14,22,63.6,220,598,36.8,30.0,66,191,548,34.9,85.3,163,33.3,36.3,1.3,26.9,2.2
2016,152,Loyola Maryland,Patriot,1701,19.6,18,18,100.0,88.9,16,365,672,54.3,35.9,131,14,14,100.0,174,467,37.3,32.8,57,161,530,30.4,80.1,129,31.2,27.5,0.8,39.5,1.1
2016,153,Loyola Marymount,WCC,1846,25.2,77,83,92.8,79.2,61,247,484,51.0,47.0,116,13,27,48.1,213,604,35.3,40.8,87,222,648,34.3,90.5,201,35.1,32.7,1.5,26.2,4.5
2016,154,Maine,Am. East,1837,22.7,42,45,93.3,78.6,33,362,716,50.6,41.7,151,7,9,77.8,162,424,38.2,27.2,44,223,643,34.7,84.8,189,35.0,23.1,0.5,39.0,2.4
2016,155,Manhattan,MAAC,1552,26.2,33,36,91.7,75.8,25,273,519,52.6,47.6,130,5,9,55.6,142,384,37.0,40.1,57,215,604,35.6,90.7,195,38.9,24.7,0.6,33.4,2.3
2016,156,Marist,MAAC,1641,20.5,36,45,80.0,69.4,25,287,540,53.1,29.3,84,7,18,38.9,124,339,36.6,19.4,24,240,699,34.3,84.6,203,42.6,20.7,1.1,32.9,2.7
2016,157,Marquette,Big East,1833,27.8,61,66,92.4,75.4,46,316,504,62.7,49.4,156,48,99,48.5,246,609,40.4,53.3,131,188,555,33.9,93.6,176,30.3,33.2,5.4,27.5,3.6
2016,158,Marshall,CUSA,1985,25.3,91,94,96.8,73.6,67,387,605,64.0,35.9,139,9,14,64.3,144,387,37.2,25.0,36,300,885,33.9,86.7,260,44.6,19.5,0.7,30.5,4.7
2016,159,Maryland Eastern Shore,MEAC,901,20.6,32,35,91.4,68.8,22,142,273,52.0,32.4,46,12,20,60.0,70,230,30.4,35.7,25,110,343,32.1,84.5,93,38.1,25.5,2.2,30.3,3.9
2016,160,Maryland,Big Ten,1943,25.2,126,138,91.3,80.2,101,302,474,63.7,35.1,106,19,28,67.9,229,562,40.7,21.8,50,267,741,36.0,86.9,232,38.1,28.9,1.4,24.4,7.1
2016,161,Massachusetts,A-10,1845,23.6,43,45,95.6,60.5,26,368,654,56.3,45.4,167,8,15,53.3,144,438,32.9,36.1,52,231,693,33.3,82.3,190,37.6,23.7,0.8,35.4,2.4
2016,162,McNeese,Southland,1685,18.9,25,27,92.6,56.0,14,278,539,51.6,38.5,107,15,22,68.2,173,499,34.7,34.7,60,199,598,33.3,69.3,138,35.5,29.6,1.3,32.0,1.6
2016,163,Memphis,American,2124,23.7,86,95,90.5,76.7,66,365,711,51.3,52.1,190,26,57,45.6,193,628,30.7,37.3,72,207,633,32.7,85.0,176,29.8,29.6,2.7,33.5,4.5
2016,164,Mercer,SoCon,1910,25.1,38,48,79.2,73.7,28,349,588,59.4,53.0,185,16,25,64.0,239,651,36.7,33.5,80,204,598,34.1,91.2,186,31.3,34.1,1.3,30.8,2.5
2016,167,Miami (OH),MAC,1777,18.6,34,38,89.5,70.6,24,266,503,52.9,42.1,112,19,27,70.4,221,630,35.1,22.2,49,176,579,30.4,82.4,145,32.6,35.5,1.5,28.3,2.1
2016,168,Miami,ACC,1895,23.1,95,106,89.6,85.3,81,335,554,60.5,32.8,110,14,25,56.0,222,567,39.2,27.9,62,241,643,37.5,76.8,185,33.9,29.9,1.3,29.2,5.6
2016,169,Michigan State,Big Ten,2080,34.6,129,141,91.5,82.9,107,274,478,57.3,59.5,163,36,74,48.6,249,646,38.5,59.4,148,321,741,43.3,93.8,301,35.6,31.1,3.6,23.0,6.8
2016,170,Michigan,Big Ten,2048,26.2,63,70,90.0,81.0,51,348,533,65.3,47.7,166,16,27,59.3,178,517,34.4,25.8,46,342,901,38.0,80.1,274,44.0,25.2,1.3,26.0,3.4
2016,171,Middle Tennessee,CUSA,1974,22.3,68,74,91.9,69.1,47,318,555,57.3,34.3,109,12,19,63.2,223,646,34.5,21.5,48,268,680,39.4,88.1,236,34.4,32.7,1.0,28.1,3.7
2016,172,Milwaukee,Horizon,1767,29.0,25,30,83.3,92.0,23,359,596,60.2,48.7,175,12,23,52.2,135,356,37.9,40.7,55,280,762,36.7,92.5,259,43.1,20.1,1.3,33.7,1.7
2016,173,Minnesota,Big Ten,1786,21.2,82,88,93.2,72.0,59,233,409,57.0,39.5,92,15,20,75.0,202,652,31.0,34.7,70,191,617,31.0,82.2,157,34.5,36.5,1.1,22.9,4.9
2016,174,Mississippi State,SEC,1863,23.1,72,79,91.1,68.1,49,276,447,61.7,39.1,108,23,33,69.7,254,630,40.3,36.6,93,225,674,33.4,80.0,180,36.2,33.8,1.8,24.0,4.2
2016,175,Mississippi Valley State,SWAC,1069,16.2,9,14,64.3,55.6,5,133,280,47.5,37.6,50,8,14,57.1,155,476,32.6,32.3,50,85,285,29.8,80.0,68,26.7,44.5,1.3,26.2,1.3
2016,176,Missouri State,MVC,1763,21.0,53,56,94.6,90.6,48,185,308,60.1,52.4,97,12,19,63.2,318,863,36.8,30.8,98,162,517,31.3,78.4,127,29.3,49.0,1.1,17.5,3.2
2016,177,Missouri,SEC,1736,20.6,46,51,90.2,71.7,33,305,537,56.8,43.0,131,16,28,57.1,190,556,34.2,28.9,55,174,564,30.9,79.3,138,32.5,32.0,1.6,30.9,2.9
2016,178,Monmouth,MAAC,2111,19.8,50,61,82.0,80.0,40,409,763,53.6,37.2,152,13,21,61.9,177,532,33.3,22.0,39,272,734,37.1,68.4,186,34.8,25.2,1.0,36.1,2.9
2016,179,Montana,Big Sky,1754,24.2,50,55,90.9,82.0,41,321,550,58.4,35.5,114,9,14,64.3,188,480,39.2,27.1,51,245,655,37.4,89.4,219,37.3,27.4,0.8,31.4,3.1
2016,180,Montana State,Big Sky,1781,20.4,20,25,80.0,45.0,9,276,486,56.8,31.9,88,5,8,62.5,201,521,38.6,20.4,41,276,741,37.2,81.5,225,41.6,29.3,0.4,27.3,1.4
2016,181,Morehead State,OVC,2087,23.1,33,38,86.8,72.7,24,392,750,52.3,46.4,182,39,51,76.5,247,700,35.3,40.9,101,197,548,35.9,88.8,175,26.3,33.5,2.4,35.9,1.8
2016,182,Morgan State,MEAC,788,17.5,7,9,77.8,28.6,2,125,257,48.6,24.8,31,7,8,87.5,102,293,34.8,35.3,36,75,221,33.9,92.0,69,28.0,37.2,1.0,32.6,1.1
2016,183,Mount St. Mary's,NEC,1910,18.1,47,53,88.7,68.1,32,349,766,45.6,34.1,119,13,18,72.2,134,378,35.4,20.9,28,219,695,31.5,75.8,166,36.4,19.8,0.9,40.1,2.8
2016,184,Murray State,OVC,1643,25.5,34,40,85.0,70.6,24,298,467,63.8,47.0,140,14,21,66.7,179,668,26.8,30.2,54,221,447,49.4,91.0,201,27.2,40.7,1.3,28.4,2.4
2016,185,NC State,ACC,1940,18.7,87,95,91.6,60.9,53,289,515,56.1,34.6,100,29,38,76.3,233,712,32.7,23.6,55,202,580,34.8,76.7,155,29.9,36.7,2.0,26.5,4.9
2016,186,NJIT,ASUN,2045,27.2,17,20,85.0,76.5,13,408,711,57.4,47.5,194,9,10,90.0,171,439,39.0,41.5,71,306,865,35.4,90.8,278,42.3,21.5,0.5,34.8,1.0
2016,187,Navy,Patriot,1716,25.4,58,67,86.6,82.8,48,359,583,61.6,42.6,153,8,15,53.3,218,594,36.7,50.0,109,138,457,30.2,91.3,126,26.6,34.6,0.9,34.0,3.9
2016,188,Nebraska,Big Ten,1908,19.9,28,34,82.4,75.0,21,308,482,63.9,29.5,91,16,28,57.1,288,751,38.3,26.7,77,216,613,35.2,88.4,191,32.1,39.4,1.5,25.3,1.8
2016,189,Nevada,Mountain West,2087,20.9,91,102,89.2,60.4,55,330,556,59.4,33.6,111,3,9,33.3,289,838,34.5,40.5,117,182,582,31.3,84.1,153,27.9,40.2,0.4,26.6,4.9
2016,190,New Hampshire,Am. East,1782,19.6,22,27,81.5,59.1,13,316,630,50.2,35.4,112,6,8,75.0,192,509,37.7,35.4,68,198,608,32.6,78.8,156,34.1,28.6,0.4,35.4,1.5
2016,191,New Mexico,Mountain West,1639,26.2,97,108,89.8,80.4,78,276,459,60.1,49.3,136,15,23,65.2,206,549,37.5,35.9,74,180,500,36.0,78.9,142,30.5,33.5,1.4,28.0,6.6
2016,192,New Mexico State,WAC,1865,24.6,63,71,88.7,74.6,47,325,542,60.0,42.5,138,22,28,78.6,284,702,40.5,44.7,127,175,522,33.5,83.4,146,28.0,37.6,1.5,29.1,3.8
2016,193,New Orleans,Southland,1814,22.5,42,50,84.0,69.0,29,397,784,50.6,46.6,185,8,10,80.0,152,491,31.0,46.7,71,162,479,33.8,76.5,124,26.4,27.1,0.6,43.2,2.8
2016,194,Niagara,MAAC,1648,19.2,42,46,91.3,57.1,24,305,598,51.0,35.7,109,15,23,65.2,150,450,33.3,40.0,60,155,531,29.2,79.4,123,32.2,27.3,1.4,36.3,2.8
2016,195,Nicholls,Southland,1829,22.6,57,65,87.7,68.4,39,367,652,56.3,45.8,168,11,11,100.0,123,420,29.3,26.0,32,207,681,30.4,84.5,175,37.2,23.0,0.6,35.6,3.6
2016,196,Norfolk State,MEAC,1567,21.1,67,71,94.4,82.1,55,223,465,48.0,31.4,70,20,35,57.1,151,424,35.6,28.5,43,199,572,34.8,81.9,163,36.5,27.1,2.2,29.7,4.5
2016,198,North Carolina A&T,MEAC,877,18.6,10,14,71.4,40.0,4,137,258,53.1,38.7,53,4,6,66.7,86,287,30.0,36.0,31,97,312,31.1,77.3,75,35.6,32.7,0.7,29.4,1.6
2016,199,North Carolina Central,MEAC,1485,22.2,36,38,94.7,69.4,25,298,567,52.6,44.3,132,21,27,77.8,113,384,29.4,27.4,31,162,469,34.5,87.7,142,31.6,25.9,1.8,38.2,2.6
2016,200,North Carolina,ACC,2564,27.5,134,142,94.4,77.6,104,439,681,64.5,54.4,239,51,92,55.4,387,960,40.3,43.2,167,224,689,32.5,87.1,195,26.9,37.4,3.6,26.6,5.5
2016,201,North Dakota,Big Sky,1924,22.6,46,50,92.0,69.6,32,382,649,58.9,42.4,162,5,7,71.4,240,654,36.7,27.1,65,202,564,35.8,86.6,175,29.3,34.0,0.4,33.7,2.6
2016,202,North Dakota State,Summit,1608,18.2,21,22,95.5,76.2,16,301,508,59.3,30.6,92,16,22,72.7,193,507,38.1,17.6,34,186,549,33.9,80.6,150,34.1,31.5,1.4,31.6,1.4
2016,203,North Florida,ASUN,2065,26.9,63,66,95.5,61.9,39,376,592,63.5,37.2,140,13,16,81.3,137,389,35.2,17.5,24,410,1002,40.9,85.9,352,48.5,18.8,0.8,28.7,3.2
2016,204,North Texas,CUSA,1773,19.4,67,67,100.0,74.6,50,316,470,67.2,37.7,119,6,6,100.0,230,682,33.7,22.6,52,181,548,33.0,68.0,123,30.9,38.5,0.3,26.5,3.8
2016,205,Northeastern,CAA,1739,26.8,35,38,92.1,60.0,21,313,578,54.2,49.5,155,8,12,66.7,124,363,34.2,37.9,47,278,748,37.2,87.4,243,43.0,20.9,0.7,33.2,2.2
2016,206,Northern Arizona,Big Sky,1581,21.1,25,28,89.3,52.0,13,284,512,55.5,43.3,123,7,14,50.0,119,439,27.1,20.2,24,202,588,34.4,86.1,174,37.2,27.8,0.9,32.4,1.8
2016,207,Northern Colorado,Big Sky,1480,18.4,44,50,88.0,63.6,28,293,518,56.6,29.7,87,4,6,66.7,160,436,36.7,21.3,34,172,470,36.6,72.1,124,31.8,29.5,0.4,35.0,3.4
2016,208,Northern Illinois,MAC,1671,24.4,38,46,82.6,68.4,26,340,644,52.8,43.2,147,8,11,72.7,136,393,34.6,44.9,61,200,577,34.7,86.5,173,34.5,23.5,0.7,38.5,2.8
2016,209,Northern Iowa,MVC,1863,22.8,32,35,91.4,62.5,20,303,469,64.6,35.3,107,3,4,75.0,213,559,38.1,25.8,55,298,796,37.4,81.2,242,42.7,30.0,0.2,25.2,1.9
2016,210,Northern Kentucky,Horizon,1600,25.8,31,37,83.8,77.4,24,290,521,55.7,47.6,138,20,32,62.5,143,401,35.7,40.6,58,219,609,36.0,88.1,193,38.1,25.1,2.0,32.6,2.3
2016,211,Northwestern State,Southland,1533,25.6,44,55,80.0,72.7,32,273,483,56.5,45.4,124,2,5,40.0,186,454,41.0,39.8,74,193,536,36.0,84.5,163,35.0,29.6,0.3,31.5,3.6
2016,212,Northwestern,Big Ten,1858,28.3,60,63,95.2,83.3,50,300,465,64.5,53.7,161,11,25,44.0,188,529,35.5,38.3,72,278,776,35.8,87.4,243,41.8,28.5,1.3,25.0,3.4
2016,213,Notre Dame,ACC,2041,23.4,68,74,91.9,70.6,48,398,666,59.8,38.9,155,23,48,47.9,220,552,39.9,26.4,58,262,701,37.4,82.8,217,34.3,27.0,2.4,32.6,3.6
2016,214,Oakland,Horizon,2064,24.7,34,39,87.2,85.3,29,404,713,56.7,48.5,196,20,25,80.0,182,527,34.5,31.3,57,298,760,39.2,76.5,228,36.8,25.5,1.2,34.5,1.9
2016,215,Ohio,MAC,1940,24.5,34,37,91.9,91.2,31,424,720,58.9,37.0,157,15,17,88.2,152,416,36.5,18.4,28,293,750,39.1,88.7,260,38.7,21.4,0.9,37.1,1.9
2016,216,Ohio State,Big Ten,1995,19.8,87,95,91.6,73.6,64,326,547,59.6,32.5,106,17,29,58.6,227,669,33.9,22.9,52,219,655,33.4,79.5,174,32.8,33.5,1.5,27.4,4.8
2016,217,Oklahoma,Big 12,2222,24.2,89,105,84.8,76.4,68,323,548,58.9,38.4,124,28,46,60.9,196,618,31.7,24.5,48,382,905,42.2,77.7,297,40.7,27.8,2.1,24.7,4.7
2016,218,Oklahoma State,Big 12,1709,22.5,63,69,91.3,69.8,44,269,504,53.4,40.9,110,11,18,61.1,175,493,35.5,32.0,56,205,625,32.8,85.4,175,36.6,28.8,1.1,29.5,4.0
2016,219,Old Dominion,CUSA,2161,22.6,52,57,91.2,71.2,37,344,559,61.5,42.7,147,13,21,61.9,395,1018,38.8,43.5,172,153,506,30.2,86.3,132,23.4,47.1,1.0,25.9,2.6
2016,219,Old Dominion,Sun Belt,2161,22.6,52,57,91.2,71.2,37,344,559,61.5,42.7,147,13,21,61.9,395,1018,38.8,43.5,172,153,506,30.2,86.3,132,23.4,47.1,1.0,25.9,2.6
2016,220,Ole Miss,SEC,1915,21.3,47,53,88.7,63.8,30,288,555,51.9,38.9,112,24,35,68.6,185,527,35.1,44.9,83,252,745,33.8,72.6,183,38.9,27.5,1.8,29.0,2.8
2016,221,Omaha,Summit,1832,22.2,59,66,89.4,72.9,43,378,585,64.6,39.2,148,17,42,40.5,216,583,37.0,29.6,64,189,556,34.0,80.4,152,30.3,31.8,2.3,31.9,3.6
2016,222,Oral Roberts,Summit,1717,20.3,49,55,89.1,65.3,32,210,366,57.4,31.4,66,11,17,64.7,338,796,42.5,28.1,95,182,483,37.7,85.7,156,28.1,46.4,1.0,21.3,3.2
2016,223,Oregon,Pac-12,2230,23.0,127,142,89.4,73.2,93,377,638,59.1,37.7,142,64,104,61.5,213,587,36.3,26.8,57,260,759,34.3,85.4,222,34.0,26.3,4.7,28.6,6.4
2016,224,Oregon State,Pac-12,1841,23.4,90,96,93.8,71.1,64,318,628,50.6,40.6,129,20,32,62.5,165,499,33.1,30.9,51,217,586,37.0,85.7,186,31.8,27.1,1.7,34.1,5.2
2016,225,Pacific,WCC,1516,23.0,16,18,88.9,68.8,11,293,535,54.8,39.9,117,13,16,81.3,163,387,42.1,36.8,60,184,560,32.9,87.5,161,36.9,25.5,1.1,35.3,1.2
2016,226,Penn State,Big Ten,1680,17.8,52,58,89.7,67.3,35,246,465,52.9,28.0,69,11,25,44.0,172,515,33.4,20.3,35,198,617,32.1,80.8,160,36.7,30.7,1.5,27.7,3.5
2016,227,Pennsylvania,Ivy,1484,23.0,18,20,90.0,61.1,11,281,505,55.6,44.5,125,15,24,62.5,125,328,38.1,24.0,30,187,607,30.8,94.1,176,40.9,22.1,1.6,34.0,1.3
2016,228,Pepperdine,WCC,1755,24.8,37,39,94.9,70.3,26,302,518,58.3,48.7,147,21,29,72.4,279,728,38.3,47.3,132,155,441,35.1,84.5,131,25.1,41.5,1.7,29.5,2.2
2016,229,Pittsburgh,ACC,1918,28.4,69,75,92.0,79.7,55,290,520,55.8,46.6,135,27,38,71.1,288,697,41.3,55.6,160,204,588,34.7,95.1,194,30.7,36.3,2.0,27.1,3.9
2016,230,Portland,WCC,1829,20.7,14,18,77.8,57.1,8,268,518,51.7,38.8,104,16,26,61.5,234,563,41.6,25.6,60,256,704,36.4,80.5,206,38.5,30.8,1.4,28.3,1.0
2016,231,Portland State,Big Sky,1902,27.6,74,78,94.9,71.6,53,409,611,66.9,49.6,203,9,21,42.9,249,674,36.9,50.2,125,166,518,32.0,86.7,144,27.2,35.4,1.1,32.1,4.1
2016,232,Prairie View A&M,SWAC,657,14.9,7,10,70.0,57.1,4,111,239,46.4,29.7,33,4,5,80.0,78,240,32.5,42.3,33,40,163,24.5,70.0,28,24.8,36.5,0.8,36.4,1.5
2016,233,Presbyterian,Big South,1740,19.7,21,22,95.5,61.9,13,377,705,53.5,35.8,135,25,30,83.3,182,482,37.8,35.7,65,148,501,29.5,87.2,129,28.8,27.7,1.7,40.5,1.3
2016,234,Princeton,Ivy,1623,25.0,44,46,95.7,72.7,32,346,618,56.0,32.7,113,6,10,60.0,98,255,38.4,17.3,17,266,694,38.3,91.4,243,42.8,15.7,0.6,38.1,2.8
2016,235,Providence,Big East,2035,25.6,71,84,84.5,74.6,53,329,548,60.0,52.9,174,12,28,42.9,198,625,31.7,42.9,85,237,750,31.6,87.8,208,36.9,30.7,1.4,26.9,4.1
2016,236,Purdue,Big Ten,2042,29.9,81,91,89.0,79.0,64,315,466,67.6,51.7,163,13,18,72.2,283,736,38.5,48.4,137,268,731,36.7,91.8,246,35.8,36.0,0.9,22.8,4.5
2016,237,Purdue Fort Wayne,Summit,1898,25.4,53,58,91.4,60.4,32,331,586,56.5,46.8,155,23,30,76.7,152,421,36.1,17.8,27,333,803,41.5,80.5,268,42.3,22.2,1.6,30.9,3.1
2016,238,Quinnipiac,MAAC,1839,19.8,17,21,81.0,70.6,12,224,529,42.3,37.9,85,9,17,52.9,209,628,33.3,45.9,96,220,644,34.2,77.7,171,35.0,34.1,0.9,28.8,1.1
2016,239,Radford,Big South,1634,21.7,52,54,96.3,82.7,43,294,519,56.6,38.4,113,12,15,80.0,173,472,36.7,20.8,36,199,574,34.7,81.4,162,35.1,28.9,0.9,31.8,3.3
2016,240,Rhode Island,A-10,1715,21.7,72,78,92.3,80.6,58,275,477,57.7,33.1,91,13,20,65.0,188,572,32.9,28.7,54,208,568,36.6,81.7,170,33.1,33.4,1.2,27.8,4.5
2016,241,Rice,CUSA,1798,22.9,82,89,92.1,58.5,48,340,531,64.0,40.3,137,4,7,57.1,159,455,34.9,12.6,20,228,716,31.8,90.8,207,39.8,25.3,0.4,29.5,4.9
2016,242,Richmond,A-10,1848,28.5,25,26,96.2,56.0,14,385,561,68.6,51.7,199,14,17,82.4,226,570,39.6,39.4,89,240,674,35.6,93.3,224,36.5,30.8,0.9,30.4,1.4
2016,243,Rider,MAAC,1718,22.3,27,32,84.4,81.5,22,357,655,54.5,40.3,144,19,27,70.4,134,397,33.8,38.8,52,188,607,31.0,87.8,165,35.3,23.1,1.6,38.1,1.9
2016,244,Robert Morris,NEC,1779,22.4,67,77,87.0,80.6,54,341,632,54.0,40.5,138,8,13,61.5,147,413,35.6,34.0,50,178,644,27.6,88.2,157,36.2,23.2,0.7,35.5,4.3
2016,245,Rutgers,Big Ten,1878,19.9,45,56,80.4,77.8,35,391,733,53.3,40.4,158,14,27,51.9,174,559,31.1,29.3,51,161,503,32.0,80.7,130,26.8,29.8,1.4,39.0,3.0
2016,246,SE Louisiana,Southland,1616,25.1,25,29,86.2,72.0,18,322,536,60.1,49.1,158,4,5,80.0,166,479,34.7,27.7,46,209,567,36.9,88.0,184,35.1,29.6,0.3,33.2,1.8
2016,247,SIU Edwardsville,OVC,1518,18.5,20,20,100.0,70.0,14,234,456,51.3,38.0,89,28,35,80.0,173,517,33.5,33.5,58,153,490,31.2,78.4,120,32.3,34.1,2.3,30.0,1.3
2016,248,SMU,American,1726,30.4,123,137,89.8,85.4,105,304,517,58.8,58.2,177,35,57,61.4,202,553,36.5,37.6,76,194,462,42.0,86.1,167,26.8,32.0,3.3,30.0,7.9
2016,249,Sacramento State,Big Sky,1672,24.2,24,26,92.3,83.3,20,317,541,58.6,42.3,134,7,16,43.8,193,506,38.1,40.4,78,197,583,33.8,87.8,173,34.9,30.3,1.0,32.4,1.6
2016,250,Sacred Heart,NEC,1633,20.0,28,33,84.8,82.1,23,406,758,53.6,39.4,160,21,29,72.4,117,327,35.8,29.1,34,146,486,30.0,75.3,110,29.8,20.0,1.8,46.4,2.0
2016,251,Saint Joseph's,A-10,2153,24.8,72,80,90.0,54.2,39,409,665,61.5,44.0,180,16,26,61.5,228,614,37.1,34.2,78,251,768,32.7,94.4,237,35.7,28.5,1.2,30.9,3.7
2016,252,Saint Louis,A-10,1667,24.4,14,16,87.5,92.9,13,296,549,53.9,48.6,144,3,10,30.0,197,517,38.1,38.6,76,191,575,33.2,91.1,174,34.5,31.0,0.6,32.9,1.0
2016,253,Saint Mary's,WCC,1119,27.6,10,10,100.0,90.0,9,249,391,63.7,49.0,122,10,11,90.9,108,277,39.0,29.6,32,171,430,39.8,85.4,146,38.4,24.8,1.0,34.9,0.9
2016,254,Saint Peter's,MAAC,1411,22.0,15,18,83.3,80.0,12,301,590,51.0,45.8,138,11,19,57.9,117,317,36.9,26.5,31,153,467,32.8,84.3,129,33.1,22.5,1.3,41.8,1.3
2016,255,Sam Houston,Southland,1739,27.5,31,32,96.9,74.2,23,328,590,55.6,54.3,178,15,17,88.2,154,432,35.6,47.4,73,226,668,33.8,90.7,205,38.4,24.8,1.0,33.9,1.8
2016,256,Samford,SoCon,1693,24.2,32,40,80.0,84.4,27,430,757,56.8,47.0,202,2,3,66.7,150,409,36.7,26.0,39,151,484,31.2,93.4,141,28.6,24.2,0.2,44.7,2.4
2016,257,San Diego State,Mountain West,1959,18.9,91,99,91.9,67.0,61,297,490,60.6,31.6,94,18,28,64.3,214,710,30.1,23.8,51,205,632,32.4,80.0,164,32.3,36.2,1.4,25.0,5.1
2016,258,San Diego,WCC,1402,19.8,33,38,86.8,72.7,24,188,345,54.5,31.9,60,9,16,56.3,160,426,37.6,31.3,50,165,577,28.6,87.3,144,41.2,30.4,1.1,24.6,2.7
2016,259,San Francisco,WCC,1775,20.1,36,38,94.7,63.9,23,376,631,59.6,35.6,134,18,33,54.5,135,438,30.8,23.7,32,226,635,35.6,73.9,167,35.8,24.7,1.9,35.5,2.1
2016,260,San Jos√© State,Mountain West,1728,25.1,54,55,98.2,68.5,37,302,509,59.3,47.7,144,10,16,62.5,162,474,34.2,38.9,63,207,674,30.7,91.8,190,39.0,27.4,0.9,29.5,3.2
2016,261,Santa Clara,WCC,1629,21.5,18,18,100.0,77.8,14,271,497,54.5,40.6,110,6,9,66.7,162,481,33.7,32.7,53,212,624,34.0,81.6,173,38.3,29.5,0.6,30.5,1.1
2016,262,Seattle U,WAC,1630,24.0,24,28,85.7,83.3,20,267,495,53.9,47.6,127,20,28,71.4,198,565,35.0,40.9,81,184,514,35.8,89.1,164,31.5,34.7,1.7,30.4,1.7
2016,263,Seton Hall,Big East,1997,22.6,52,58,89.7,73.1,38,392,710,55.2,50.0,196,22,32,68.8,220,604,36.4,25.5,56,206,593,34.7,78.6,162,29.7,30.2,1.6,35.6,2.9
2016,264,Siena,MAAC,1937,24.8,42,51,82.4,71.4,30,468,835,56.0,41.7,195,13,21,61.9,172,458,37.6,40.1,69,212,572,37.1,88.2,187,29.5,23.6,1.1,43.1,2.6
2016,265,South Alabama,Sun Belt,1662,17.9,51,64,79.7,62.7,32,280,546,51.3,35.0,98,12,18,66.7,141,455,31.0,16.3,23,187,579,32.3,77.5,145,34.8,27.4,1.1,32.9,3.9
2016,266,South Carolina,SEC,2041,22.4,57,66,86.4,66.7,38,341,607,56.2,46.0,157,33,52,63.5,235,701,33.5,30.6,72,216,615,35.1,88.4,191,30.1,34.3,2.5,29.7,3.2
2016,267,South Carolina State,MEAC,1110,20.6,32,36,88.9,78.1,25,200,354,56.5,35.5,71,15,27,55.6,129,371,34.8,42.6,55,102,322,31.7,76.5,78,29.0,33.4,2.4,31.9,3.2
2016,268,South Carolina Upstate,ASUN,1843,25.1,30,37,81.1,70.0,21,335,531,63.1,46.6,156,24,35,68.6,230,619,37.2,40.0,92,210,621,33.8,92.4,194,33.7,33.6,1.9,28.8,2.0
2016,269,South Dakota,Summit,1668,24.7,33,39,84.6,78.8,26,344,543,63.4,42.7,147,9,14,64.3,221,593,37.3,44.8,99,168,479,35.1,83.3,140,28.7,35.6,0.8,32.6,2.3
2016,270,South Dakota State,Summit,1895,18.8,24,26,92.3,70.8,17,326,601,54.2,29.8,97,16,23,69.6,235,550,42.7,21.3,50,244,695,35.1,79.1,193,36.7,29.0,1.2,31.7,1.4
2016,271,South Florida,American,1850,17.7,83,98,84.7,78.3,65,303,597,50.8,34.0,103,24,37,64.9,230,653,35.2,29.1,67,133,465,28.6,69.9,93,25.1,35.3,2.0,32.3,5.3
2016,272,Southeast Missouri State,OVC,1597,20.5,34,37,91.9,70.6,24,192,353,54.4,45.8,88,13,21,61.9,270,713,37.9,35.9,97,146,473,30.9,80.8,118,29.6,44.6,1.3,22.1,2.3
2016,273,Southern Illinois,MVC,1711,20.3,25,29,86.2,60.0,15,355,594,59.8,42.5,151,22,31,71.0,171,486,35.2,27.5,47,201,571,35.2,66.7,134,33.4,28.4,1.8,34.7,1.7
2016,274,Southern,SWAC,764,16.5,11,12,91.7,63.6,7,121,204,59.3,32.2,39,4,9,44.4,110,326,33.7,25.5,28,74,213,34.7,70.3,52,27.9,42.7,1.2,26.7,1.6
2016,275,Southern Miss,CUSA,1496,23.4,17,19,89.5,41.2,7,147,263,55.9,31.3,46,0,3,0.0,191,490,39.0,41.4,79,257,721,35.6,84.8,218,48.2,32.8,0.2,17.6,1.3
2016,276,Southern Utah,Big Sky,1508,20.7,20,24,83.3,60.0,12,304,591,51.4,33.6,102,11,14,78.6,138,369,37.4,33.3,46,186,510,36.5,81.7,152,33.8,24.5,0.9,39.2,1.6
2016,277,St. Bonaventure,A-10,1704,22.9,40,47,85.1,75.0,30,323,567,57.0,32.2,104,8,14,57.1,152,433,35.1,44.7,68,245,643,38.1,76.7,188,37.7,25.4,0.8,33.3,2.8
2016,278,St. Francis (PA),NEC,1647,20.6,43,49,87.8,79.1,34,285,593,48.1,34.4,98,10,12,83.3,146,406,36.0,23.3,34,212,587,36.1,81.6,173,35.6,24.7,0.7,36.0,3.0
2016,279,St. John's,Big East,1806,21.9,59,65,90.8,62.7,37,232,418,55.5,40.1,93,19,33,57.6,221,669,33.0,38.0,84,203,621,32.7,89.2,181,34.4,37.0,1.8,23.1,3.6
2016,281,Stanford,Pac-12,1654,20.9,62,67,92.5,62.9,39,302,549,55.0,36.1,109,15,24,62.5,153,476,32.1,36.6,56,172,538,32.0,82.6,142,32.5,28.8,1.5,33.2,4.1
2016,282,Stephen F. Austin,Southland,1914,31.3,54,62,87.1,68.5,37,344,534,64.4,56.4,194,23,27,85.2,248,596,41.6,56.5,140,255,695,36.7,89.8,229,36.3,31.1,1.4,27.9,3.2
2016,283,Stetson,ASUN,1798,23.9,12,14,85.7,66.7,8,407,733,55.5,42.8,174,11,16,68.8,142,382,37.2,35.2,50,236,653,36.1,83.9,198,36.3,21.2,0.9,40.8,0.8
2016,285,Stony Brook,Am. East,1919,27.7,55,59,93.2,78.2,43,426,735,58.0,46.5,198,29,36,80.6,179,513,34.9,52.0,93,216,576,37.5,91.2,197,30.0,26.7,1.9,38.3,3.1
2016,286,Syracuse,ACC,2079,23.6,100,114,87.7,75.0,75,286,527,54.3,41.6,119,25,36,69.4,157,526,29.8,33.1,52,315,876,36.0,77.5,244,42.1,25.3,1.7,25.3,5.5
2016,287,TCU,Big 12,1756,20.8,43,53,81.1,60.5,26,280,533,52.5,44.3,124,17,37,45.9,186,592,31.4,35.5,66,181,541,33.5,82.3,149,30.8,33.7,2.1,30.4,3.0
2016,289,Temple,American,1909,21.6,37,39,94.9,45.9,17,251,455,55.2,42.6,107,16,32,50.0,222,664,33.4,34.7,77,248,719,34.5,85.1,211,37.7,34.8,1.7,23.8,2.0
2016,290,Tennessee State,OVC,1709,18.3,49,61,80.3,65.3,32,353,642,55.0,25.5,90,19,27,70.4,190,485,39.2,33.2,63,163,494,33.0,77.9,127,28.9,28.4,1.6,37.6,3.6
2016,291,Tennessee Tech,OVC,1599,25.6,36,39,92.3,80.6,29,292,499,58.5,44.9,131,9,14,64.3,162,387,41.9,39.5,64,240,660,36.4,77.5,186,41.3,24.2,0.9,31.2,2.4
2016,292,Tennessee,SEC,2115,21.5,52,58,89.7,80.8,42,281,523,53.7,33.5,94,22,33,66.7,284,735,38.6,32.7,93,251,766,32.8,90.0,226,36.2,34.8,1.6,24.7,2.7
2016,293,Texas A&M,SEC,2208,27.7,108,123,87.8,75.0,81,427,728,58.7,55.0,235,25,37,67.6,150,496,30.2,38.7,58,281,824,34.1,84.3,237,37.3,22.5,1.7,33.0,5.6
2016,294,Texas A&M-Corpus Christi,Southland,1752,22.2,55,63,87.3,65.5,36,282,492,57.3,37.9,107,20,23,87.0,216,602,35.9,35.6,77,193,572,33.7,87.6,169,32.6,34.4,1.3,28.1,3.6
2016,295,Texas,Big 12,1880,20.0,76,92,82.6,68.4,52,294,547,53.7,31.0,91,24,46,52.2,188,514,36.6,14.9,28,232,681,34.1,88.4,205,36.2,27.3,2.4,29.1,4.9
2016,296,Texas Southern,SWAC,920,23.7,36,42,85.7,88.9,32,185,345,53.6,31.9,59,12,18,66.7,63,205,30.7,47.6,30,107,310,34.5,90.7,97,33.7,22.3,2.0,37.5,4.6
2016,297,Texas State,Sun Belt,1576,21.4,37,39,94.9,67.6,25,297,530,56.0,41.1,122,14,19,73.7,193,560,34.5,37.8,73,138,428,32.2,85.5,118,27.2,35.5,1.2,33.6,2.5
2016,298,Texas Tech,Big 12,1755,23.8,71,74,95.9,76.1,54,298,526,56.7,39.9,119,32,46,69.6,199,573,34.7,49.7,99,185,536,34.5,78.4,145,30.5,32.6,2.6,30.0,4.2
2016,299,The Citadel,SoCon,2081,21.0,12,13,92.3,83.3,10,361,626,57.7,30.5,110,5,6,83.3,149,394,37.8,17.4,26,332,1042,31.9,87.3,290,50.1,18.9,0.3,30.1,0.6
2016,300,Toledo,MAC,1702,28.0,22,23,95.7,72.7,16,316,543,58.2,45.9,145,8,10,80.0,204,481,42.4,50.5,103,246,645,38.1,86.2,212,37.9,28.3,0.6,31.9,1.4
2016,301,Towson,CAA,1837,19.4,37,41,90.2,62.2,23,304,534,56.9,30.9,94,15,28,53.6,244,669,36.5,34.4,84,180,565,31.9,86.1,155,30.8,36.4,1.5,29.1,2.2
2016,302,Troy,Sun Belt,1657,18.9,31,36,86.1,83.9,26,314,642,48.9,32.5,102,22,40,55.0,115,327,35.2,27.8,32,189,612,30.9,81.5,154,36.9,19.7,2.4,38.7,2.2
2016,303,Tulane,American,1915,17.4,79,96,82.3,72.2,57,285,553,51.5,30.9,88,27,35,77.1,165,558,29.6,18.2,30,199,673,29.6,79.4,158,35.1,29.1,1.8,28.9,5.0
2016,304,Tulsa,American,1848,23.5,56,60,93.3,75.0,42,362,615,58.9,41.7,151,19,33,57.6,165,469,35.2,30.3,50,219,671,32.6,87.2,191,36.3,25.4,1.8,33.3,3.2
2016,305,UAB,CUSA,1948,30.6,83,93,89.2,67.5,56,371,642,57.8,56.6,210,34,45,75.6,195,504,38.7,55.4,108,246,664,37.0,90.2,222,34.1,25.9,2.3,33.0,4.8
2016,306,UAlbany,Am. East,1633,22.3,13,15,86.7,69.2,9,447,791,56.5,41.6,186,8,10,80.0,110,304,36.2,25.5,28,165,513,32.2,85.5,141,31.4,18.6,0.6,48.4,0.9
2016,307,UC Davis,Big West,1499,21.1,15,17,88.2,53.3,8,223,388,57.5,45.3,101,12,15,80.0,247,645,38.3,33.2,82,154,434,35.5,81.2,125,29.0,43.0,1.0,25.9,1.1
2016,308,UC Irvine,Big West,1867,25.7,111,120,92.5,70.3,78,278,509,54.6,43.5,121,8,15,53.3,257,666,38.6,45.1,116,207,557,37.2,79.7,165,29.8,35.7,0.8,27.3,6.4
2016,309,UC Riverside,Big West,1575,22.3,42,46,91.3,66.7,28,268,472,56.8,36.6,98,6,11,54.5,139,435,32.0,26.6,37,220,611,36.0,85.9,189,38.8,27.6,0.7,30.0,2.9
2016,311,UC Santa Barbara,Big West,1886,25.5,52,59,88.1,80.8,42,313,522,60.0,51.8,162,21,28,75.0,203,603,33.7,39.4,80,244,674,36.2,80.7,197,35.7,32.0,1.5,27.7,3.1
2016,312,UCF,American,1599,22.3,68,74,91.9,79.4,54,275,503,54.7,40.0,110,11,17,64.7,126,378,33.3,32.5,41,200,627,31.9,75.5,151,39.2,23.6,1.1,31.5,4.6
2016,313,UCLA,Pac-12,2016,24.8,59,69,85.5,84.7,50,287,538,53.3,47.4,136,25,30,83.3,344,828,41.5,45.3,156,200,551,36.3,78.5,157,27.3,41.1,1.5,26.7,3.4
2016,314,UConn,American,2079,23.4,123,132,93.2,78.9,97,286,530,54.0,39.2,112,23,38,60.5,257,680,37.8,27.6,71,255,699,36.5,81.2,207,33.6,32.7,1.8,25.5,6.3
2016,314,UConn,Big East,2079,23.4,123,132,93.2,78.9,97,286,530,54.0,39.2,112,23,38,60.5,257,680,37.8,27.6,71,255,699,36.5,81.2,207,33.6,32.7,1.8,25.5,6.3
2016,315,UIC,Horizon,1679,18.8,30,36,83.3,53.3,16,288,600,48.0,37.8,109,15,30,50.0,187,606,30.9,41.7,78,130,407,31.9,86.9,113,24.2,36.1,1.8,35.7,2.1
2016,316,UL Monroe,Sun Belt,1851,24.3,42,44,95.5,59.5,25,339,557,60.9,43.7,148,21,30,70.0,225,612,36.8,37.8,85,215,608,35.4,89.3,192,32.8,33.1,1.6,30.1,2.4
2016,317,UMBC,Am. East,1630,22.3,6,7,85.7,100.0,6,390,685,56.9,42.6,166,8,11,72.7,124,342,36.3,31.5,39,191,585,32.6,79.6,152,35.9,21.0,0.7,42.0,0.4
2016,318,UMass Lowell,Am. East,1641,24.9,9,11,81.8,44.4,4,384,640,60.0,46.1,177,13,16,81.3,133,338,39.3,29.3,39,235,636,36.9,80.0,188,38.8,20.6,1.0,39.0,0.7
2016,319,UNC Asheville,Big South,1655,20.3,29,30,96.7,44.8,13,318,562,56.6,39.9,127,15,27,55.6,212,533,39.8,27.8,59,159,503,31.6,86.2,137,30.4,32.2,1.6,34.0,1.8
2016,320,UNC Greensboro,SoCon,1882,21.6,41,46,89.1,78.0,32,288,500,57.6,33.3,96,3,5,60.0,229,570,40.2,14.8,34,278,761,36.5,88.1,245,40.4,30.3,0.3,26.6,2.4
2016,321,UNC Wilmington,CAA,1856,21.1,29,31,93.5,69.0,20,364,575,63.3,40.4,147,19,23,82.6,226,617,36.6,23.9,54,208,610,34.1,82.2,171,32.9,33.2,1.2,31.0,1.7
2016,322,UNLV,Mountain West,1456,23.4,81,95,85.3,70.4,57,270,465,58.1,37.4,101,9,16,56.3,111,347,32.0,39.6,44,170,533,31.9,81.8,139,36.6,23.8,1.1,31.9,6.5
2016,323,USC,Pac-12,1960,23.2,102,117,87.2,67.6,69,322,581,55.4,39.1,126,23,33,69.7,207,599,34.6,26.6,55,244,630,38.7,83.6,204,32.1,30.6,1.7,29.6,6.0
2016,324,UT Arlington,Sun Belt,2248,26.2,57,66,86.4,77.2,44,428,764,56.0,55.4,237,30,55,54.5,134,421,31.8,33.6,45,307,942,32.6,85.7,263,41.9,18.7,2.4,34.0,2.9
2016,324,UT Arlington,WAC,2248,26.2,57,66,86.4,77.2,44,428,764,56.0,55.4,237,30,55,54.5,134,421,31.8,33.6,45,307,942,32.6,85.7,263,41.9,18.7,2.4,34.0,2.9
2016,325,UT Martin,OVC,1886,20.8,24,27,88.9,58.3,14,331,547,60.5,38.1,126,28,52,53.8,196,529,37.1,30.6,60,255,731,34.9,75.7,193,38.8,28.0,2.8,29.0,1.4
2016,326,UT Rio Grande Valley,WAC,1489,26.1,20,21,95.2,90.0,18,236,427,55.3,47.9,113,2,4,50.0,182,486,37.4,52.7,96,182,551,33.0,89.0,162,37.0,32.6,0.3,28.7,1.4
2016,327,UTEP,CUSA,1665,26.9,31,37,83.8,67.7,21,315,517,60.9,48.3,152,11,14,78.6,215,551,39.0,41.9,90,205,546,37.5,90.2,185,32.8,33.1,0.8,31.1,2.2
2016,328,UTSA,CUSA,1857,19.0,22,31,71.0,54.5,12,334,632,52.8,35.9,120,16,28,57.1,188,498,37.8,22.3,42,210,668,31.4,84.8,178,36.0,26.8,1.5,34.0,1.7
2016,329,Utah State,Mountain West,1779,25.2,48,50,96.0,66.7,32,313,555,56.4,45.4,142,12,19,63.2,172,460,37.4,30.8,53,257,695,37.0,86.4,222,39.1,25.9,1.1,31.2,2.8
2016,331,Utah,Pac-12,1936,27.9,67,77,87.0,80.6,54,456,720,63.3,48.9,223,27,42,64.3,132,379,34.8,33.3,44,265,718,36.9,83.0,220,37.1,19.6,2.2,37.2,4.0
2016,332,Utah Valley,WAC,1771,23.7,20,25,80.0,70.0,14,348,602,57.8,42.8,149,7,13,53.8,144,421,34.2,23.6,34,249,710,35.1,89.6,223,40.1,23.8,0.7,34.0,1.4
2016,333,VCU,A-10,2234,22.4,80,85,94.1,81.3,65,408,722,56.5,37.7,154,24,38,63.2,235,643,36.5,32.3,76,262,746,35.1,78.6,206,33.4,28.8,1.7,32.3,3.8
2016,334,VMI,SoCon,1716,17.8,35,38,92.1,45.7,16,248,433,57.3,28.6,71,2,11,18.2,160,474,33.8,19.4,31,253,760,33.3,73.9,187,44.3,27.6,0.6,25.2,2.2
2016,335,Valparaiso,Horizon,2121,23.9,89,98,90.8,68.5,61,381,712,53.5,37.5,143,26,38,68.4,161,471,34.2,41.0,66,284,802,35.4,83.5,237,37.8,22.2,1.8,33.6,4.6
2016,336,Vanderbilt,SEC,1880,25.9,99,112,88.4,76.8,76,276,475,58.1,40.2,111,19,33,57.6,190,545,34.9,33.2,63,273,715,38.2,86.8,237,38.0,29.0,1.8,25.3,6.0
2016,337,Vermont,Am. East,1945,24.0,50,52,96.2,78.0,39,438,721,60.7,40.0,175,1,4,25.0,205,539,38.0,31.2,64,241,629,38.3,78.4,189,32.3,27.7,0.2,37.1,2.7
2016,338,Villanova,Big East,2251,28.3,114,119,95.8,74.6,85,362,557,65.0,51.1,185,13,19,68.4,250,594,42.1,28.0,70,347,962,36.1,85.6,297,42.7,26.4,0.8,24.7,5.3
2016,339,Virginia,ACC,1962,28.1,125,129,96.9,72.8,91,334,539,62.0,47.9,160,31,48,64.6,250,689,36.3,42.8,107,224,557,40.2,86.2,193,28.4,35.1,2.4,27.5,6.6
2016,340,Virginia Tech,ACC,1851,21.8,71,85,83.5,63.4,45,400,771,51.9,35.5,142,24,40,60.0,136,397,34.3,32.4,44,196,558,35.1,88.3,173,30.1,21.4,2.2,41.7,4.6
2016,341,Wagner,NEC,2016,22.2,35,43,81.4,71.4,25,445,883,50.4,41.8,186,10,15,66.7,162,459,35.3,43.8,71,203,616,33.0,81.8,166,30.6,22.8,0.7,43.8,2.1
2016,342,Wake Forest,ACC,1672,24.5,95,105,90.5,71.6,68,311,561,55.4,47.3,147,22,33,66.7,122,387,31.5,32.0,39,188,586,32.1,83.0,156,35.0,23.1,2.0,33.6,6.3
2016,343,Washington,Pac-12,2200,21.1,127,153,83.0,76.4,97,294,538,54.6,27.6,81,28,44,63.6,248,742,33.4,33.9,84,238,723,32.9,84.9,202,32.9,33.7,2.0,24.5,7.0
2016,344,Washington State,Pac-12,1764,23.6,58,66,87.9,81.0,47,321,544,59.0,39.3,126,5,7,71.4,237,618,38.3,45.1,107,184,529,34.8,74.5,137,30.0,35.0,0.4,30.8,3.7
2016,345,Weber State,Big Sky,1820,24.3,121,137,88.3,66.9,81,261,460,56.7,29.1,76,22,26,84.6,190,445,42.7,31.6,60,272,752,36.2,83.1,226,41.3,24.5,1.4,25.3,7.5
2016,347,West Virginia,Big 12,2103,24.3,89,94,94.7,68.5,61,418,748,55.9,42.8,179,42,72,58.3,185,546,33.9,48.6,90,209,643,32.5,86.6,181,30.6,26.0,3.4,35.6,4.5
2016,348,Western Carolina,SoCon,1882,21.4,20,24,83.3,45.0,9,384,643,59.7,44.5,171,7,9,77.8,161,515,31.3,22.4,36,230,691,33.3,80.9,186,36.7,27.4,0.5,34.2,1.3
2016,349,Western Illinois,Summit,1404,23.4,36,41,87.8,86.1,31,223,411,54.3,37.7,84,12,15,80.0,181,496,36.5,39.2,71,167,441,37.9,85.0,142,31.4,35.3,1.1,29.3,2.9
2016,350,Western Kentucky,CUSA,1921,22.5,59,64,92.2,78.0,46,370,593,62.4,35.7,132,22,23,95.7,219,615,35.6,30.1,66,226,626,36.1,83.6,189,32.6,32.0,1.2,30.9,3.3
2016,351,Western Michigan,MAC,1703,20.6,13,15,86.7,53.8,7,338,562,60.1,38.2,129,7,10,70.0,190,571,33.3,35.3,67,185,545,33.9,80.0,148,32.0,33.5,0.6,33.0,0.9
2016,352,Wichita State,MVC,1973,23.8,63,70,90.0,69.8,44,315,564,55.9,47.0,148,17,18,94.4,206,567,36.3,43.7,90,243,754,32.2,77.4,188,38.2,28.7,0.9,28.6,3.5
2016,353,William & Mary,CAA,1365,28.1,29,33,87.9,51.7,15,309,500,61.8,52.8,163,16,26,61.5,121,300,40.3,36.4,44,183,506,36.2,88.0,161,37.1,22.0,1.9,36.6,2.4
2016,354,Winthrop,Big South,1680,20.6,81,94,86.2,80.2,65,276,467,59.1,23.9,66,12,20,60.0,180,408,44.1,16.1,29,251,691,36.3,74.1,186,41.1,24.3,1.2,27.8,5.6
2016,355,Wisconsin,Big Ten,1914,20.9,51,60,85.0,62.7,32,287,504,56.9,35.9,103,16,28,57.1,233,669,34.8,36.5,85,229,653,35.1,78.6,180,34.1,35.0,1.5,26.3,3.1
2016,356,Wofford,SoCon,1662,26.9,28,28,100.0,92.9,26,227,409,55.5,44.9,102,3,4,75.0,214,583,36.7,37.4,80,265,638,41.5,90.2,239,38.4,35.1,0.2,24.6,1.7
2016,357,Wright State,Horizon,1740,24.9,28,33,84.8,64.3,18,280,470,59.6,46.4,130,13,21,61.9,231,598,38.6,37.2,86,227,618,36.7,87.7,199,35.5,34.4,1.2,27.0,1.9
2016,358,Wyoming,Mountain West,1511,24.3,66,70,94.3,66.7,44,195,309,63.1,35.4,69,3,4,75.0,110,332,33.1,23.6,26,297,796,37.3,76.8,228,52.7,22.0,0.3,20.5,4.6
2016,359,Xavier,Big East,2054,26.6,99,111,89.2,74.7,74,313,579,54.1,48.6,152,33,61,54.1,228,602,37.9,42.5,97,256,701,36.5,87.1,223,34.1,29.3,3.0,28.2,5.4
2016,360,Yale,Ivy,1570,26.7,66,75,88.0,72.7,48,265,485,54.6,52.1,138,14,21,66.7,212,503,42.1,36.3,77,177,486,36.4,88.1,156,31.0,32.0,1.3,30.9,4.8
2016,361,Youngstown State,Horizon,1965,22.7,16,19,84.2,100.0,16,307,510,60.2,50.2,154,16,37,43.2,256,715,35.8,35.9,92,249,684,36.4,73.9,184,34.8,36.4,1.9,26.0,1.0
2016,363,Hartford,Am. East,1903,21.3,13,15,86.7,92.3,12,280,556,50.4,39.6,111,6,12,50.0,157,419,37.5,14.0,22,319,901,35.4,81.8,261,47.3,22.0,0.6,29.2,0.8
2016,364,St. Francis Brooklyn,NEC,1660,20.4,20,22,90.9,60.0,12,320,602,53.2,38.1,122,3,3,100.0,97,317,30.6,33.0,32,219,716,30.6,78.5,172,43.1,19.1,0.2,36.3,1.3
2016,380,Savannah State,MEAC,1437,19.3,10,13,76.9,70.0,7,284,546,52.0,35.6,101,2,3,66.7,106,353,30.0,33.0,35,165,522,31.6,81.2,134,36.3,24.6,0.2,38.0,0.9
