season,seasonLabel,teamId,team,conference,games,wins,losses,totalMinutes,pace,teamStats_fieldGoals_pct,teamStats_fieldGoals_attempted,teamStats_fieldGoals_made,teamStats_twoPointFieldGoals_pct,teamStats_twoPointFieldGoals_attempted,teamStats_twoPointFieldGoals_made,teamStats_threePointFieldGoals_pct,teamStats_threePointFieldGoals_attempted,teamStats_threePointFieldGoals_made,teamStats_freeThrows_pct,teamStats_freeThrows_attempted,teamStats_freeThrows_made,teamStats_rebounds_total,teamStats_rebounds_defensive,teamStats_rebounds_offensive,teamStats_turnovers_teamTotal,teamStats_turnovers_total,teamStats_fouls_flagrant,teamStats_fouls_technical,teamStats_fouls_total,teamStats_points_fastBreak,teamStats_points_offTurnovers,teamStats_points_inPaint,teamStats_points_total,teamStats_fourFactors_freeThrowRate,teamStats_fourFactors_offensiveReboundPct,teamStats_fourFactors_effectiveFieldGoalPct,teamStats_fourFactors_turnoverRatio,teamStats_assists,teamStats_blocks,teamStats_steals,teamStats_possessions,teamStats_trueShooting,teamStats_rating,opponentStats_fieldGoals_pct,opponentStats_fieldGoals_attempted,opponentStats_fieldGoals_made,opponentStats_twoPointFieldGoals_pct,opponentStats_twoPointFieldGoals_attempted,opponentStats_twoPointFieldGoals_made,opponentStats_threePointFieldGoals_pct,opponentStats_threePointFieldGoals_attempted,opponentStats_threePointFieldGoals_made,opponentStats_freeThrows_pct,opponentStats_freeThrows_attempted,opponentStats_freeThrows_made,opponentStats_rebounds_total,opponentStats_rebounds_defensive,opponentStats_rebounds_offensive,opponentStats_turnovers_teamTotal,opponentStats_turnovers_total,opponentStats_fouls_flagrant,opponentStats_fouls_technical,opponentStats_fouls_total,opponentStats_points_fastBreak,opponentStats_points_offTurnovers,opponentStats_points_inPaint,opponentStats_points_total,opponentStats_fourFactors_freeThrowRate,opponentStats_fourFactors_offensiveReboundPct,opponentStats_fourFactors_effectiveFieldGoalPct,opponentStats_fourFactors_turnoverRatio,opponentStats_assists,opponentStats_blocks,opponentStats_steals,opponentStats_possessions,opponentStats_trueShooting,opponentStats_rating
2005,20042005,2,Air Force,Mountain West,29,18,11,1190,0,45.9,1136,521,54.7,578,316,36.7,558,205,72.3,332,240,553,373,180,14,227,0,6,379,0,0,0,1790,29.2,32.5,54.9,,331,45,216,0,69.8,,47.4,955,453,51.9,693,360,35.5,262,93,70.8,404,286,700,492,208,13,406,0,7,400,0,0,0,1579,42.3,29.7,52.3,,200,52,107,0,69.7,
2005,20042005,3,Akron,MAC,29,19,10,1205,0,44.4,1575,700,48.6,981,477,37.5,594,223,67.6,561,379,951,657,294,1,381,0,4,528,0,0,0,2082,35.6,30.9,51.5,,451,110,190,0,57.1,,40.4,1567,633,43.2,1057,457,34.5,510,176,69,581,401,1021,651,370,3,437,0,4,507,0,0,0,1902,37.1,36.2,46,,346,77,191,0,52.2,
2005,20042005,4,Alabama A&M,SWAC,32,18,14,1310,0,39.5,1294,511,44.1,874,385,30,420,126,61.1,565,345,808,510,298,8,348,0,6,410,0,0,0,2229,43.7,36.9,44.4,,288,88,246,0,72.2,,43,1292,556,47.1,929,438,32.5,363,118,65.9,408,269,916,614,302,22,459,0,7,452,0,0,0,2169,31.6,33,47.6,,324,83,158,0,73.7,
2005,20042005,5,Alabama,SEC,32,24,8,1295,0,48,1428,685,53.4,884,472,39.2,544,213,73.9,587,434,990,704,286,5,348,0,2,393,0,0,0,2426,41.1,28.9,55.4,,384,115,131,0,71.9,,40.7,1569,639,42.9,1028,441,36.6,541,198,65.5,406,266,842,543,299,5,306,0,6,524,0,0,0,2083,25.9,35.5,47,,332,60,161,0,59.6,
2005,20042005,6,Alabama State,SWAC,29,14,15,1190,0,37.9,1034,392,41.2,726,299,30.2,308,93,63.8,423,270,657,441,216,10,310,0,3,356,0,0,0,1676,40.9,32.9,42.4,,219,42,145,0,68.7,,43.1,1010,435,46.6,672,313,36.1,338,122,67.2,403,271,671,481,190,8,303,0,3,404,0,0,0,1778,39.9,28.3,49.1,,260,84,158,0,74.9,
2005,20042005,7,Alcorn State,SWAC,29,7,22,1205,0,38.7,1334,516,43.2,915,395,28.9,419,121,61.6,515,317,828,558,270,9,484,0,4,588,0,0,0,1677,38.6,32.6,43.2,,287,88,185,0,53.7,,43.3,1351,585,47.6,988,470,31.7,363,115,62.7,689,432,896,598,298,9,417,0,7,480,0,0,0,2016,51,33.3,47.6,,318,102,245,0,60.9,
2005,20042005,8,American University,Patriot,27,15,12,1140,0,44.5,1408,627,49.1,950,466,35.2,458,161,70.9,450,319,939,666,273,4,386,0,5,468,0,0,0,1810,32,29.1,50.2,,329,76,172,0,56.4,,40.7,1446,588,44.5,876,390,34.7,570,198,68.1,483,329,855,579,276,3,342,0,2,449,0,0,0,1785,33.4,32.3,47.5,,357,72,190,0,53.8,
2005,20042005,9,App State,SoCon,30,18,12,1200,0,42.8,1633,699,48.8,976,476,33.9,657,223,64.5,451,291,965,626,339,5,400,0,4,470,0,0,0,2192,27.6,35.1,49.6,,419,131,251,0,59.8,,43.2,1549,669,48.7,1056,514,31.4,493,155,69,506,349,1030,685,345,12,461,0,2,428,0,0,0,2070,32.7,33.5,48.2,,356,75,202,0,58.4,
2005,20042005,10,Arizona State,Pac-12,31,17,14,1255,0,44.6,1504,671,50.3,988,497,33.7,516,174,71.9,622,447,945,611,334,2,380,0,5,503,0,0,0,2368,41.4,35.3,50.4,,433,95,165,0,66.6,,45.2,1514,684,49.5,1084,537,34.2,430,147,71.5,544,389,892,584,308,3,385,0,5,553,0,0,0,2248,35.9,34.5,50,,365,66,181,0,64.1,
2005,20042005,11,Arizona,Pac-12,36,29,7,1485,0,47.9,2003,959,51.4,1433,736,39.1,570,223,76.9,615,473,1203,775,428,4,482,0,3,536,0,0,0,2850,30.7,35.6,53.4,,546,135,257,0,62.7,,43.5,1965,855,47.7,1313,626,35.1,652,229,68.3,555,379,1095,679,416,14,535,0,4,591,0,0,0,2509,28.2,38,49.3,,509,78,225,0,56.8,
2005,20042005,12,Arkansas,SEC,29,17,12,1175,0,44.9,1433,643,48.5,1000,485,36.5,433,158,66.2,515,341,850,548,302,7,368,0,4,481,0,0,0,2062,35.9,35.5,50.4,,359,127,218,0,62.1,,41.2,1351,557,46.7,895,418,30.5,456,139,66.7,567,378,868,555,313,9,422,0,1,444,0,0,0,1812,42,36.1,46.4,,300,69,177,0,56.6,
2005,20042005,13,Arkansas State,Sun Belt,29,16,13,1160,0,45.8,1443,661,48.9,1036,507,37.8,407,154,66.1,519,343,896,578,318,1,350,0,6,487,0,0,0,2207,36,35.5,51.1,,361,65,164,0,66,,44,1357,597,49.4,870,430,34.3,487,167,66.9,553,370,854,565,289,2,365,0,7,464,0,0,0,2097,40.8,33.8,50.1,,311,94,141,0,65.5,
2005,20042005,14,Arkansas-Pine Bluff,SWAC,27,7,20,1095,0,39.3,1038,408,44,730,321,28.2,308,87,62.3,310,193,654,445,209,7,321,0,2,335,0,0,0,1612,29.9,32,43.5,,218,79,137,0,68.6,,41.8,1036,433,44.6,693,309,36.2,343,124,69.6,414,288,719,490,229,6,286,0,1,310,0,0,0,1822,40,31.8,47.8,,234,56,168,0,74.8,
2005,20042005,15,Army,Patriot,27,3,24,1080,0,40.2,1248,502,43.8,774,339,34.4,474,163,77,378,291,722,552,170,12,396,0,1,425,0,0,0,1510,30.3,23.5,46.8,,297,44,135,0,53.4,,44.6,1413,630,50,840,420,36.6,573,210,69.5,419,291,911,617,294,3,335,0,1,425,0,0,0,1832,29.7,32.3,52,,342,90,188,0,57.3,
2005,20042005,16,Auburn,SEC,30,13,17,1230,0,41.8,1497,625,48,854,410,33.4,643,215,72.1,473,341,861,562,299,3,387,0,3,523,0,0,0,2112,31.6,34.7,48.9,,329,55,182,0,61.9,,47.8,1492,713,53.7,946,508,37.5,546,205,67.6,543,367,955,637,318,5,379,0,7,429,0,0,0,2256,36.4,33.3,54.7,,391,97,210,0,65.2,
2005,20042005,17,Austin Peay,OVC,32,13,19,1355,0,43.2,1587,686,47.4,1072,508,34.6,515,178,68.1,568,387,951,631,320,10,428,0,3,572,0,0,0,2090,35.8,33.6,48.8,,385,74,201,0,56.9,,45.7,1531,699,50,1026,513,36.8,505,186,68.6,609,418,1001,682,319,5,452,0,6,559,0,0,0,2147,39.8,31.9,51.7,,377,92,203,0,59.7,
2005,20042005,18,BYU,Mountain West,30,9,21,1215,0,43,1367,588,46.5,877,408,36.7,490,180,71.8,436,313,855,571,284,6,382,0,4,447,0,0,0,1972,31.9,33.2,49.6,,314,86,151,0,63.3,,44,1396,614,47.3,943,446,37.1,453,168,69.1,463,320,848,559,289,3,357,0,5,422,0,0,0,2070,33.2,34.1,50,,374,81,191,0,64.7,
2005,20042005,19,Ball State,MAC,28,15,13,1135,0,43.4,1487,646,46.7,981,458,37.2,506,188,68.7,562,386,897,566,331,5,312,0,3,478,0,0,0,1990,37.8,36.9,49.8,,311,67,147,0,57.4,,44.6,1376,614,48.2,935,451,37,441,163,74.5,560,417,868,603,265,3,369,0,2,521,0,0,0,1911,40.7,30.5,50.5,,349,83,147,0,58.9,
2005,20042005,20,Baylor,Big 12,28,9,19,1120,0,43.5,1254,545,48.1,738,355,36.8,516,190,71.1,436,310,658,397,261,5,378,0,3,430,0,0,0,1863,34.8,39.7,51,,313,44,178,0,64.4,,50,1244,622,56.1,814,457,38.4,430,165,75.1,446,335,807,521,286,1,396,0,3,447,0,0,0,2008,35.9,35.4,56.6,,379,80,179,0,69.7,
2005,20042005,22,Belmont,ASUN,30,14,16,1260,0,43.3,1447,627,50.3,755,380,35.7,692,247,67.3,502,338,834,590,244,3,361,0,3,488,0,0,0,2108,34.7,29.3,51.9,,361,82,190,0,63.2,,43.6,1442,628,49.8,931,464,32.1,511,164,66.6,533,355,1002,671,331,10,427,0,9,489,0,0,0,2101,37,33,49.2,,338,91,176,0,62.7,
2005,20042005,23,Bethune-Cookman,MEAC,30,13,17,1220,0,44.2,1094,484,49.1,713,350,35.2,381,134,61.8,359,222,642,459,183,9,332,0,1,372,0,0,0,1931,32.8,28.5,50.4,,281,46,175,0,77.1,,43.8,1095,480,48,766,368,34,329,112,65.3,438,286,738,502,236,9,356,0,2,322,0,0,0,2057,40,32,48.9,,246,77,169,0,79.9,
2005,20042005,24,Binghamton,Am. East,28,11,17,1120,0,39.1,1494,584,43.5,937,408,31.6,557,176,66.1,463,306,935,596,339,4,365,0,4,535,0,0,0,1713,31,36.3,45,,281,81,184,0,50.5,,42,1336,561,45.6,857,391,35.5,479,170,72.1,566,408,924,658,266,7,409,0,2,487,0,0,0,1776,42.4,28.8,48.4,,323,101,156,0,56,
2005,20042005,25,Boise State,WAC,34,16,18,1360,0,42.9,1643,705,47.1,1060,499,35.3,583,206,70.2,510,358,999,641,358,2,423,0,5,509,0,0,0,2393,31,35.8,49.2,,380,70,155,0,64.1,,45.6,1665,760,51.4,1156,594,32.6,509,166,68.4,573,392,1019,663,356,3,383,0,9,497,0,0,0,2524,34.4,34.9,50.6,,385,77,194,0,65.8,
2005,20042005,26,Boston College,Big East,29,24,5,1190,0,46,1485,683,49.1,1158,568,35.2,327,115,71.7,661,474,1018,640,378,4,370,0,10,408,0,0,0,2087,44.5,37.1,49.9,,459,107,191,0,58.8,,41.6,1551,645,44.4,1056,469,35.6,495,176,70.2,386,271,854,529,325,5,372,0,5,539,0,0,0,1889,24.9,38.1,47.3,,364,93,203,0,54.9,
2005,20042005,27,Boston University,Am. East,28,19,9,1135,0,42,1315,552,46.3,948,439,30.8,367,113,65.7,467,307,901,617,284,4,302,0,2,386,0,0,0,1749,35.5,31.5,46.3,,303,123,172,0,57.5,,36.2,1365,494,40.3,922,372,27.5,443,122,66.8,364,243,883,572,311,5,343,0,3,448,0,0,0,1548,26.7,35.2,40.7,,285,84,155,0,50.7,
2005,20042005,28,Bowling Green,MAC,29,18,11,1160,0,48.3,1357,655,54,897,484,37.2,460,171,74.9,501,375,839,602,237,7,404,0,5,574,0,0,0,2023,36.9,28.2,54.6,,445,108,175,0,64.1,,44.3,1417,628,49.3,894,441,35.8,523,187,69.2,595,412,833,543,290,4,357,0,5,495,0,0,0,1990,42,34.8,50.9,,380,60,208,0,59.3,
2005,20042005,29,Bradley,MVC,28,13,15,1135,0,42.9,1387,595,47.3,985,466,32.1,402,129,70.8,489,346,899,597,302,0,388,0,4,510,0,0,0,1959,35.3,33.6,47.5,,319,122,170,0,61.1,,42.3,1356,574,45.9,892,409,35.6,464,165,70.9,588,417,851,567,284,5,336,0,1,459,0,0,0,1996,43.4,33.4,48.4,,338,67,177,0,61.8,
2005,20042005,30,Brown,Ivy,27,11,16,1095,0,42.1,1331,560,46.1,826,381,35.4,505,179,68.5,530,363,799,546,253,10,360,0,4,410,0,0,0,1773,39.8,31.7,48.8,,335,61,225,0,56.7,,46.1,1398,645,51.9,937,486,34.5,461,159,65.6,392,257,893,607,286,7,405,0,4,506,0,0,0,1838,28,32,51.8,,352,81,186,0,58.5,
2005,20042005,32,Bucknell,Patriot,33,23,10,1335,0,44.3,1359,602,48.1,850,409,37.9,509,193,70.3,569,400,890,634,256,6,429,0,4,537,0,0,0,2097,41.9,28.8,51.4,,353,86,220,0,65.2,,39,1404,547,42.8,886,379,32.4,518,168,72.4,557,403,877,585,292,13,429,0,5,523,0,0,0,1946,39.7,33.3,44.9,,294,71,189,0,59,
2005,20042005,33,Buffalo,MAC,33,23,10,1430,0,44.4,1772,786,48.9,1211,592,34.6,561,194,68.7,674,463,1133,737,396,3,464,0,2,645,0,0,0,2462,38,35,49.8,,402,81,257,0,59.5,,43,1726,743,48.1,1135,546,33.3,591,197,70,660,462,1077,710,367,2,483,0,5,615,0,0,0,2344,38.2,34.1,48.8,,378,118,236,0,58.1,
2005,20042005,34,Butler,Horizon,28,13,15,1150,0,45.4,1282,582,52.9,698,369,36.5,584,213,74.3,404,300,671,500,171,7,266,0,3,438,0,0,0,1811,31.5,25.5,53.7,,298,52,125,0,62,,47.6,1272,606,52,941,489,35.3,331,117,68,431,293,819,579,240,3,310,0,3,421,0,0,0,1709,33.9,29.3,52.2,,287,56,119,0,58.5,
2005,20042005,35,Cal Poly,Big West,26,5,21,1040,0,41.9,1269,532,46.7,797,372,33.9,472,160,74.5,420,313,722,501,221,3,371,0,4,454,0,0,0,1769,33.1,30.6,48.2,,241,58,146,0,60.8,,48.7,1313,640,52.9,869,460,40.5,444,180,71,549,390,827,574,253,1,302,0,0,395,0,0,0,2054,41.8,30.6,55.6,,387,65,188,0,66.1,
2005,20042005,37,Cal State Fullerton,Big West,32,21,11,1325,0,44.8,1863,834,49.9,1214,606,35.1,649,228,68.1,414,282,1097,707,390,4,382,0,6,525,0,0,0,2408,22.2,35.6,50.9,,421,51,185,0,58.9,,46.6,1621,755,52,1074,558,36,547,197,69,551,380,972,715,257,2,426,0,2,418,0,0,0,2289,34,26.4,52.7,,457,71,127,0,61.4,
2005,20042005,38,Cal State Northridge,Big West,30,18,12,1245,0,44.5,1544,687,48.9,1079,528,34.2,465,159,70.9,636,451,907,576,331,4,440,0,7,573,0,0,0,2149,41.2,36.5,49.6,,382,69,299,0,58.9,,44.5,1457,649,51.3,945,485,32,512,164,71.8,571,410,940,620,320,3,542,0,11,541,0,0,0,1995,39.2,34,50.2,,386,96,193,0,58.4,
2005,20042005,40,California,Pac-12,29,13,16,1175,0,44.8,1477,662,48.4,1163,563,31.5,314,99,62.5,525,328,894,584,310,3,393,0,3,458,0,0,0,1956,35.5,34.7,48.2,,383,85,128,0,57.3,,44.7,1523,681,48.6,1033,502,36.5,490,179,72.6,456,331,896,597,299,2,365,0,5,488,0,0,0,2054,29.9,33.4,50.6,,418,82,161,0,59.6,
2005,20042005,41,Campbell,ASUN,26,2,24,1070,0,40.3,1418,571,43.8,1050,460,30.2,368,111,62.2,481,299,924,569,355,5,473,0,8,515,0,0,0,1629,33.9,38.4,44.2,,258,39,164,0,50,,47.7,1421,678,55.8,833,465,36.2,588,213,65.1,519,338,872,593,279,3,370,0,3,502,0,0,0,1990,36.5,32,55.2,,435,146,261,0,60.3,
2005,20042005,42,Canisius,MAAC,29,11,18,1260,0,43.6,1644,717,47.3,1131,535,35.5,513,182,70.2,486,341,986,685,301,9,366,0,5,504,0,0,0,2089,29.6,30.5,49.1,,355,117,193,0,56.2,,42.7,1715,732,47,1119,526,34.6,596,206,72.5,570,413,1079,701,378,8,331,0,4,455,0,0,0,2213,33.2,35,48.7,,462,109,180,0,56.3,
2005,20042005,44,Central Connecticut,NEC,28,12,16,1135,0,44.4,1466,651,48.2,982,473,36.8,484,178,73.8,493,364,889,553,336,11,388,0,3,455,0,0,0,1919,33.6,37.8,50.5,,369,48,166,0,57,,47.8,1449,692,52.7,956,504,38.1,493,188,69.5,440,306,829,550,279,8,391,0,4,489,0,0,0,1948,30.4,33.7,54.2,,398,81,180,0,59.3,
2005,20042005,45,Central Michigan,MAC,28,10,18,1120,0,42.3,1424,603,46,928,427,35.5,496,176,68.7,508,349,839,534,305,5,462,0,4,574,0,0,0,1855,35.7,36.4,48.5,,319,63,196,0,56.3,,48,1349,648,52.9,911,482,37.9,438,166,70.5,701,494,903,613,290,3,435,0,2,513,0,0,0,2102,52,32.1,54.2,,389,89,214,0,63.4,
2005,20042005,46,Charleston,SoCon,28,18,10,1150,0,42.2,1658,699,46.9,1124,527,32.2,534,172,71.8,542,389,1010,661,349,1,369,0,6,514,0,0,0,2018,32.7,34.6,47.3,,399,90,241,0,53.2,,42.8,1537,658,48.3,1049,507,30.9,488,151,66.6,560,373,1034,704,330,12,474,0,7,505,0,0,0,1897,36.4,31.9,47.7,,337,94,170,0,53.2,
2005,20042005,47,Charleston Southern,Big South,30,13,17,1215,0,40.6,798,324,43.2,569,246,34.1,229,78,64.9,205,133,509,367,142,11,266,0,1,267,0,0,0,1762,25.7,27.9,45.5,,173,58,119,0,99.2,,42.4,842,357,46.5,579,269,33.5,263,88,69,310,214,547,373,174,3,217,0,0,237,0,0,0,1913,36.8,31.8,47.6,,216,51,148,0,97.8,
2005,20042005,48,Charlotte,CUSA,29,21,8,1190,0,43,1649,709,46.7,1056,493,36.4,593,216,67.8,671,455,1045,652,393,4,365,0,9,453,0,0,0,2257,40.7,37.6,49.5,,378,85,235,0,58,,43.7,1632,713,50.8,1037,527,31.3,595,186,72.3,459,332,1008,674,334,12,439,0,1,565,0,0,0,2093,28.1,33.1,49.4,,383,85,147,0,57.1,
2005,20042005,49,Chattanooga,SoCon,31,20,11,1240,0,45.6,1560,711,52.6,1063,559,30.6,497,152,66.9,650,435,1153,776,377,5,493,0,3,475,0,0,0,2252,41.7,32.7,50.4,,393,53,208,0,61,,40.2,1590,639,46.1,830,383,33.7,760,256,67.2,451,303,858,589,269,2,439,0,5,568,0,0,0,2034,28.4,31.4,48.2,,376,99,241,0,56.9,
2005,20042005,50,Chicago State,Summit,28,9,19,1135,0,43.4,1312,569,48.2,908,438,32.4,404,131,62.4,495,309,759,493,266,6,320,0,6,454,0,0,0,1808,37.7,35,48.4,,294,84,199,0,59.1,,46.9,1274,597,49.5,856,424,41.4,418,173,69.5,469,326,847,572,275,2,363,0,3,439,0,0,0,1980,36.8,32.5,53.6,,417,86,144,0,66.9,
2005,20042005,51,Cincinnati,CUSA,33,25,8,1340,0,43.4,1735,753,47.6,1173,558,34.7,562,195,68.7,795,546,1223,801,422,3,393,0,6,535,0,0,0,2505,45.8,34.5,49,,430,202,155,0,60.1,,37.8,1825,689,39.2,1206,473,34.9,619,216,68.3,543,371,1108,674,434,8,413,0,11,656,0,0,0,2130,29.8,39.2,43.7,,332,65,175,0,51.6,
2005,20042005,52,Clemson,ACC,32,16,16,1295,0,44.3,1816,805,49.4,1239,612,33.4,577,193,60.3,705,425,1142,714,428,7,539,0,5,634,0,0,0,2294,38.8,37.5,49.6,,454,163,317,0,53.9,,43.5,1710,743,46,1229,565,37,481,178,67.6,704,476,1100,727,373,4,577,0,7,616,0,0,0,2218,41.2,33.9,48.7,,403,93,293,0,54.9,
2005,20042005,53,Cleveland State,Horizon,26,9,17,1040,0,42.3,1312,555,48.6,809,393,32.2,503,162,69.5,512,356,794,511,283,3,395,0,3,485,0,0,0,1772,39,35.6,48.5,,342,47,181,0,57.6,,47,1321,621,51.9,941,488,35,380,133,73.5,514,378,819,549,270,1,364,0,5,467,0,0,0,1872,38.9,33,52,,335,78,168,0,60.5,
2005,20042005,54,Coastal Carolina,Big South,29,10,19,1160,0,43.2,1413,611,46.4,951,441,36.8,462,170,64.7,447,289,836,537,299,8,338,0,3,481,0,0,0,1976,31.6,35.8,49.3,,351,50,180,0,61.4,,47.4,1290,612,52.8,954,504,32.1,336,108,66.9,592,396,845,593,252,6,343,0,2,443,0,0,0,2068,45.9,29.8,51.6,,310,107,189,0,66.7,
2005,20042005,55,Colgate,Patriot,28,12,16,1135,0,43.6,1444,630,46.7,968,452,37.4,476,178,71.1,402,286,850,587,263,6,381,0,2,468,0,0,0,1848,27.8,30.9,49.8,,331,64,147,0,57,,44.2,1441,637,48.3,984,475,35.4,457,162,67.6,528,357,926,612,314,4,359,0,1,423,0,0,0,1904,36.6,33.9,49.8,,309,61,188,0,56.9,
2005,20042005,56,Colorado,Big 12,29,13,16,1175,0,43.4,1596,692,47.6,1016,484,35.9,580,208,61.6,521,321,965,638,327,3,378,0,4,518,0,0,0,2081,32.6,33.9,49.9,,379,142,170,0,57,,43.7,1605,701,49.2,1070,526,32.7,535,175,72.2,600,433,1036,686,350,7,356,0,1,483,0,0,0,2161,37.4,33.8,49.1,,408,82,177,0,57.8,
2005,20042005,57,Colorado State,Mountain West,27,11,16,1110,0,46.2,1026,474,50.7,735,373,34.7,291,101,75.1,474,356,708,500,208,1,312,0,3,394,0,0,0,1890,46.2,29.4,51.1,,308,112,117,0,76.5,,40.2,1146,461,45.3,750,340,30.6,396,121,70.6,473,334,687,420,267,5,247,0,4,426,0,0,0,1864,41.3,38.9,45.5,,254,57,176,0,68.8,
2005,20042005,58,Columbia,Ivy,27,12,15,1080,0,40.9,999,409,45.8,592,271,33.9,407,138,69.2,344,238,645,423,222,8,336,0,2,415,0,0,0,1734,34.4,34.4,47.8,,238,49,127,0,75.4,,43.7,936,409,48.1,580,279,36.5,356,130,67.1,486,326,617,423,194,12,292,0,0,363,0,0,0,1773,51.9,31.4,50.6,,260,84,158,0,77.1,
2005,20042005,59,Coppin State,MEAC,29,14,15,1175,0,39.1,1190,465,42.4,912,387,28.1,278,78,70.7,518,366,766,486,280,7,332,0,3,424,0,0,0,1765,43.5,36.6,42.4,,209,60,206,0,62.2,,40.4,1131,457,45.9,638,293,33.3,493,164,64.7,453,293,780,516,264,8,402,0,4,417,0,0,0,1833,40.1,33.8,47.7,,267,76,150,0,68.9,
2005,20042005,60,Cornell,Ivy,27,13,14,1100,0,45.4,1169,531,50.4,754,380,36.4,415,151,76.5,387,296,700,478,222,1,315,0,0,399,0,0,0,1734,33.1,31.7,51.9,,299,70,146,0,64.7,,45.5,1185,539,50.3,783,394,36.1,402,145,70.7,410,290,720,474,246,6,325,0,0,411,0,0,0,1788,34.6,34.2,51.6,,291,59,141,0,65.5,
2005,20042005,61,Creighton,MVC,33,22,11,1350,0,45.1,1699,766,47.8,1025,490,40.9,674,276,73,626,457,1002,686,316,6,395,0,2,565,0,0,0,2348,36.8,31.5,53.2,,443,104,216,0,59.5,,44.4,1715,761,47.5,1220,580,36.6,495,181,64.7,578,374,1092,716,376,8,469,0,3,618,0,0,0,2135,33.7,34.4,49.7,,402,102,199,0,54.2,
2005,20042005,62,Dartmouth,Ivy,26,10,16,1060,0,42.6,1073,457,44.5,730,325,38.5,343,132,62.7,319,200,599,405,194,14,292,0,1,406,0,0,0,1516,29.7,32.4,48.7,,275,71,144,0,62.5,,45.9,1034,475,48.6,716,348,39.9,318,127,75,432,324,701,484,217,8,290,0,2,350,0,0,0,1682,41.8,31,52.1,,266,61,151,0,68.7,
2005,20042005,63,Davidson,SoCon,31,23,8,1260,0,42.1,1477,622,47.1,832,392,35.7,645,230,75.2,517,389,992,661,331,5,382,0,3,497,0,0,0,2265,35,33.4,49.9,,363,36,135,0,66.4,,40.4,1479,597,44.5,922,410,33.6,557,187,70.9,484,343,873,589,284,7,353,0,5,520,0,0,0,2026,32.7,32.5,46.7,,313,78,170,0,59.9,
2005,20042005,64,Dayton,A-10,29,18,11,1180,0,41.2,1404,579,43.4,874,379,37.7,530,200,72.2,468,338,873,575,298,6,344,0,1,534,0,0,0,1877,33.3,34.1,48.4,,351,49,152,0,58.3,,41.1,1264,519,46.2,797,368,32.3,467,151,74.1,602,446,838,591,247,2,374,0,4,449,0,0,0,1786,47.6,29.5,47,,309,80,131,0,58.4,
2005,20042005,65,DePaul,CUSA,31,20,11,1255,0,43.8,1576,691,47.5,1109,527,35.1,467,164,69.1,540,373,1032,649,383,7,342,0,6,491,0,0,0,2120,34.3,37.1,49,,387,95,154,0,58.4,,42.1,1474,621,46.3,950,440,34.5,524,181,70.6,511,361,884,599,285,6,355,0,7,500,0,0,0,1986,34.7,32.2,48.3,,385,77,176,0,58.5,
2005,20042005,66,Delaware,CAA,31,11,20,1270,0,43.1,1586,683,48.6,1046,508,32.4,540,175,66.8,546,365,1026,717,309,4,483,0,4,573,0,0,0,2017,34.4,30.1,48.6,,377,85,177,0,55.2,,42.4,1634,693,45.1,1178,531,35.5,456,162,65.8,667,439,1036,702,334,4,387,0,4,532,0,0,0,2116,40.8,32.2,47.4,,356,97,244,0,54.9,
2005,20042005,67,Delaware State,MEAC,33,19,14,1350,0,43.3,1275,552,48.8,779,380,34.7,496,172,73.8,553,408,729,474,255,15,359,0,2,435,0,0,0,2043,43.4,35,50,,288,77,214,0,67.3,,45.6,1291,589,50.1,880,441,36,411,148,62.8,452,284,852,543,309,10,442,0,0,491,0,0,0,2036,35,36.3,51.4,,291,82,153,0,68.3,
2005,20042005,68,Denver,Sun Belt,30,19,11,1200,0,47.3,1568,741,51.8,1091,565,36.9,477,176,70.1,542,380,928,660,268,5,370,0,1,443,0,0,0,2186,34.6,28.9,52.9,,436,141,201,0,60.5,,42.8,1679,719,45.9,1232,565,34.5,447,154,66.7,451,301,1021,642,379,4,406,0,5,482,0,0,0,2012,26.9,37.1,47.4,,354,102,187,0,53.6,
2005,20042005,69,Detroit Mercy,Horizon,30,14,16,1200,0,43.3,1448,627,47.7,1059,505,31.4,389,122,66.5,499,332,986,621,365,8,369,0,3,526,0,0,0,1840,34.5,37,47.5,,302,76,167,0,55.2,,40.6,1333,541,44.4,809,359,34.7,524,182,70.2,574,403,808,545,263,11,350,0,1,477,0,0,0,1809,43.1,32.5,47.4,,296,60,153,0,57,
2005,20042005,70,Drake,MVC,28,13,15,1150,0,42,1447,608,46.4,964,447,33.3,483,161,72.2,670,484,976,620,356,7,417,0,1,449,0,0,0,1935,46.3,36.5,47.6,,323,79,224,0,55.5,,44.8,1510,676,49.4,898,444,37.9,612,232,69.5,443,308,880,587,293,9,388,0,5,539,0,0,0,1986,29.3,33.3,52.5,,409,139,184,0,58.2,
2005,20042005,71,Drexel,CAA,28,16,12,1165,0,43.2,1342,580,45.1,852,384,40,490,196,67.3,590,397,865,591,274,8,305,0,9,485,0,0,0,1944,44,31.7,50.5,,346,120,153,0,60.7,,41.4,1371,567,43.6,1009,440,35.1,362,127,69.6,542,377,878,576,302,7,344,0,2,487,0,0,0,1847,39.5,34.4,46,,298,103,139,0,57.4,
2005,20042005,72,Duke,ACC,32,26,6,1295,0,44.4,1648,731,49.1,984,483,37.3,664,248,71,730,518,1094,716,378,12,407,0,4,526,0,0,0,2500,44.3,34.6,51.9,,356,184,256,0,63.5,,39.1,1764,690,41.4,1390,576,30.5,374,114,72.3,537,388,1061,629,432,5,447,0,8,614,0,0,0,2079,30.4,40.7,42.3,,275,112,226,0,52,
2005,20042005,73,Duquesne,A-10,30,8,22,1220,0,41.6,1715,714,45.8,1177,539,32.5,538,175,76.6,461,353,1009,648,361,7,398,0,0,590,0,0,0,2014,26.9,35.8,46.7,,424,118,187,0,52.5,,43.8,1641,719,48,1037,498,36.6,604,221,68.8,728,501,1094,699,395,3,375,0,2,462,0,0,0,2239,44.4,36.1,50.5,,444,96,184,0,57.1,
2005,20042005,74,East Carolina,CUSA,27,8,19,1110,0,39.5,1378,544,42.9,1028,441,29.4,350,103,64.1,535,343,947,604,343,6,386,0,6,485,0,0,0,1716,38.8,36.2,43.2,,299,100,153,0,53.2,,42.4,1341,568,45.3,900,408,36.3,441,160,67.8,546,370,867,604,263,7,329,0,5,478,0,0,0,1884,40.7,30.3,48.3,,325,77,178,0,59.6,
2005,20042005,75,East Tennessee State,SoCon,29,10,19,1175,0,44.9,1602,719,48.4,1129,547,36.4,473,172,68.6,493,338,960,643,317,13,440,0,2,472,0,0,0,2228,30.8,33,50.2,,298,54,205,0,61.2,,46.1,1632,752,52.2,1014,529,36.1,618,223,66,514,339,1002,660,342,4,410,0,3,469,0,0,0,2283,31.5,34.1,52.9,,453,107,232,0,61.4,
2005,20042005,77,Eastern Illinois,OVC,28,12,16,1150,0,45,1404,632,48.8,977,477,36.3,427,155,73.6,508,374,911,619,292,6,401,0,5,523,0,0,0,1914,36.2,32.1,50.5,,362,98,120,0,58.8,,42.8,1537,658,48.5,1019,494,31.7,518,164,67.6,623,421,891,541,350,6,282,0,5,466,0,0,0,2016,40.5,39.3,48.1,,374,107,209,0,55.7,
2005,20042005,78,Eastern Kentucky,OVC,31,22,9,1270,0,47.5,1576,748,52.9,1085,574,35.4,491,174,66.1,493,326,983,667,316,3,404,0,4,535,0,0,0,2256,31.3,32.1,53,,422,107,197,0,62.9,,43.5,1521,662,45.9,1137,522,36.5,384,140,68.7,614,422,913,603,310,7,396,0,8,470,0,0,0,2078,40.4,34,48.1,,352,76,222,0,58,
2005,20042005,79,Eastern Michigan,MAC,29,11,18,1180,0,44,1463,644,48.6,1001,486,34.2,462,158,68.9,724,499,916,620,296,7,407,0,8,518,0,0,0,2088,49.5,32.3,49.4,,347,70,209,0,58.6,,45,1568,706,50.8,1047,532,33.4,521,174,66.7,576,384,971,640,331,8,403,0,3,583,0,0,0,2116,36.7,34.1,50.6,,399,102,203,0,58.1,
2005,20042005,80,Eastern Washington,Big Sky,27,8,19,1095,0,41,1205,494,45.7,790,361,32,415,133,64.9,425,276,724,500,224,9,378,0,4,479,0,0,0,1672,35.3,30.9,46.5,,309,34,124,0,60.1,,45.8,1142,523,50.6,787,398,35.2,355,125,69.3,528,366,759,558,201,1,362,0,6,474,0,0,0,1813,46.2,26.5,51.3,,282,60,177,0,66,
2005,20042005,81,Elon,SoCon,30,8,22,1215,0,41.5,1370,568,46.4,893,414,32.3,477,154,62.2,498,310,853,591,262,13,400,0,3,467,0,0,0,1818,36.4,30.7,47.1,,298,58,209,0,57.2,,44.8,1392,624,49.3,936,461,35.7,456,163,64.8,508,329,915,644,271,6,389,0,5,444,0,0,0,2033,36.5,29.6,50.7,,362,80,185,0,62.9,
2005,20042005,82,Evansville,MVC,28,11,17,1135,0,44.6,1435,640,49.3,872,430,37.3,563,210,67.3,510,343,841,596,245,9,368,0,6,490,0,0,0,1986,35.5,29.1,51.9,,401,54,126,0,59.8,,45,1480,666,50.3,960,483,35.2,520,183,71.9,549,395,969,657,312,5,357,0,4,529,0,0,0,2045,37.1,32.2,51.2,,385,60,185,0,59.4,
2005,20042005,83,Fairfield,MAAC,29,14,15,1190,0,42.7,1442,616,47.9,997,478,31,445,138,72.4,445,322,855,552,303,8,316,0,6,474,0,0,0,1960,30.9,35.4,47.5,,367,159,183,0,59.8,,42.6,1355,577,45.9,912,419,35.7,443,158,67.6,519,351,905,592,313,5,360,0,2,417,0,0,0,1937,38.3,34.6,48.4,,315,93,167,0,61.2,
2005,20042005,84,Fairleigh Dickinson,NEC,33,20,13,1350,0,44.9,1800,809,49.7,1241,617,34.3,559,192,66,577,381,1098,727,371,2,415,0,1,561,0,0,0,2432,32.1,33.8,50.3,,448,133,217,0,59.2,,44.4,1690,750,48.1,1214,584,34.9,476,166,64.4,613,395,1065,731,334,4,461,0,4,565,0,0,0,2310,36.3,31.4,49.3,,408,75,183,0,58.9,
2005,20042005,85,Florida A&M,MEAC,28,14,14,1140,0,43,1478,636,47.5,1043,495,32.4,435,141,66.1,558,369,947,595,352,3,443,0,13,527,0,0,0,1921,37.8,37.2,47.8,,305,37,191,0,55.7,,43.8,1460,640,50.5,912,461,32.7,548,179,68.1,624,425,931,606,325,6,422,0,6,526,0,0,0,2053,42.7,34.9,50,,352,91,212,0,59.2,
2005,20042005,86,Florida Atlantic,ASUN,27,10,17,1135,0,44.9,1434,644,49.4,959,474,35.8,475,170,64.6,525,339,897,565,332,3,382,0,10,459,0,0,0,2073,36.6,37,50.8,,305,110,194,0,62.3,,45,1370,616,49.1,884,434,37.4,486,182,73.3,524,384,842,567,275,4,368,0,6,445,0,0,0,2124,38.2,32.7,51.6,,370,93,189,0,66.4,
2005,20042005,87,Florida,SEC,31,23,8,1270,0,47.4,1573,746,52.4,1015,532,38.4,558,214,70.5,667,470,1075,740,335,4,410,0,4,539,0,0,0,2350,42.4,31.2,54.2,,408,125,205,0,63,,41.6,1590,662,46.8,1066,499,31.1,524,163,67,554,371,918,613,305,9,429,0,7,589,0,0,0,1969,34.8,33.2,46.8,,309,80,203,0,53.7,
2005,20042005,89,Florida International,Sun Belt,29,13,16,1225,0,45,1470,662,50,1059,530,32.1,411,132,65,705,458,1075,711,364,11,521,0,8,586,0,0,0,1980,48,33.9,49.5,,367,92,187,0,55.6,,41.8,1572,657,45.7,998,456,35,574,201,68,659,448,897,578,319,4,396,0,6,571,0,0,0,2037,41.9,35.6,48.2,,345,79,233,0,54.7,
2005,20042005,90,Florida State,ACC,29,11,18,1190,0,43.9,1319,579,48.1,861,414,36,458,165,66.4,503,334,791,551,240,4,387,0,4,480,0,0,0,1988,38.1,30.3,50.2,,297,75,162,0,64.5,,44,1379,607,50.2,843,423,34.3,536,184,67.9,536,364,864,570,294,2,349,0,2,480,0,0,0,2030,38.9,34,50.7,,322,81,206,0,62.9,
2005,20042005,91,Fordham,A-10,29,13,16,1175,0,42.7,1335,570,47.4,843,400,34.6,492,170,63.6,467,297,859,555,304,5,398,0,2,420,0,0,0,1829,35,35.4,49.1,,341,105,189,0,59.4,,43.1,1405,606,48.1,1016,489,30.1,389,117,64,428,274,864,549,315,8,350,0,4,446,0,0,0,1871,30.5,36.5,47.3,,346,75,215,0,58.7,
2005,20042005,92,Fresno State,WAC,30,16,14,1215,0,44.6,1435,640,49.2,939,462,35.9,496,178,64,491,314,954,664,290,5,402,0,6,421,0,0,0,2143,34.2,30.4,50.8,,372,96,139,0,64.9,,41.3,1554,642,44.3,1145,507,33,409,135,74.1,441,327,920,595,325,1,323,0,4,463,0,0,0,2109,28.4,35.3,45.7,,346,74,209,0,60.3,
2005,20042005,93,Furman,SoCon,29,16,13,1190,0,45.5,1358,618,50.9,782,398,38.2,576,220,70.1,441,309,809,552,257,7,379,0,0,433,0,0,0,2120,32.5,31.8,53.6,,390,52,220,0,68.3,,43.4,1395,606,47.5,930,442,35.3,465,164,68.6,423,290,861,556,305,2,399,0,3,449,0,0,0,1903,30.3,35.4,49.3,,325,64,184,0,60.2,
2005,20042005,94,Gardner-Webb,ASUN,30,18,12,1215,0,43.2,1488,643,50.6,917,464,31.3,571,179,71.3,453,323,946,619,327,6,374,0,5,431,0,0,0,2172,30.4,34.6,49.2,,362,78,193,0,64.4,,43.3,1453,629,48.3,977,472,33,476,157,66,465,307,873,588,285,4,364,0,8,410,0,0,0,2055,32,32.6,48.7,,302,76,213,0,62,
2005,20042005,95,George Mason,CAA,29,16,13,1195,0,44.7,1516,677,49.1,1013,497,35.8,503,180,69.5,640,445,930,623,307,7,342,0,0,474,0,0,0,2127,42.2,33,50.6,,377,87,211,0,59.2,,43.9,1562,685,47,1071,503,37.1,491,182,71.8,497,357,974,629,345,3,386,0,2,553,0,0,0,2018,31.8,35.4,49.7,,395,103,172,0,56.7,
2005,20042005,96,George Washington,A-10,30,22,8,1215,0,47.9,1675,803,52.1,1240,646,36.1,435,157,69.3,664,460,1051,682,369,4,437,0,7,505,0,0,0,2308,39.6,35.1,52.6,,466,121,281,0,58.7,,42.7,1629,695,47.5,1027,488,34.4,602,207,66.1,537,355,961,622,339,8,504,0,7,582,0,0,0,2021,33,35.3,49,,413,71,220,0,54.2,
2005,20042005,97,Georgetown,Big East,31,18,13,1270,0,45,1467,660,52,854,444,35.2,613,216,71.2,445,317,903,605,298,13,405,0,2,502,0,0,0,1985,30.3,33,52.4,,414,139,199,0,59.7,,41.7,1495,624,44.9,1057,475,34,438,149,71.7,547,392,931,580,351,2,385,0,0,454,0,0,0,1904,36.6,37.7,46.7,,341,86,209,0,54.8,
2005,20042005,98,Georgia,SEC,28,8,20,1150,0,39.5,1480,585,44.6,968,432,29.9,512,153,63.4,568,360,895,583,312,11,427,0,9,549,0,0,0,1683,38.4,34.9,44.7,,271,92,209,0,48.6,,46.2,1462,675,52.2,1007,526,32.7,455,149,65.6,608,399,1005,695,310,10,433,0,13,543,0,0,0,1898,41.6,30.8,51.3,,358,86,230,0,54.9,
2005,20042005,99,Georgia Southern,SoCon,30,18,12,1230,0,43,1564,672,47.4,1090,517,32.7,474,155,72.5,597,433,940,618,322,0,375,0,9,562,0,0,0,2412,38.2,34.3,47.9,,353,104,227,0,66,,43.1,1426,615,46.3,1051,487,34.1,375,128,70.5,661,466,957,657,300,7,447,0,5,526,0,0,0,2228,46.4,31.3,47.6,,286,86,180,0,64.9,
2005,20042005,100,Georgia State,ASUN,28,13,15,1150,0,42.2,1546,653,46.7,898,419,36.1,648,234,71,421,299,906,604,302,7,340,0,4,450,0,0,0,1964,27.2,33.3,49.8,,341,129,173,0,56.7,,43.5,1544,672,48,1018,489,34.8,526,183,70.3,495,348,991,649,342,1,339,0,7,406,0,0,0,2019,32.1,34.5,49.4,,350,66,176,0,57.3,
2005,20042005,101,Georgia Tech,ACC,31,19,12,1270,0,45.1,1637,739,50.8,1150,584,31.8,487,155,70.2,607,426,1095,745,350,5,423,0,4,577,0,0,0,2272,37.1,32,49.9,,405,136,228,0,59.7,,38.9,1633,635,43.2,1067,461,30.7,566,174,65.4,641,419,1016,651,365,12,423,0,4,562,0,0,0,2065,39.3,35.9,44.2,,346,115,205,0,53.9,
2005,20042005,102,Gonzaga,WCC,31,26,5,1240,0,50.3,1487,748,54.2,1132,614,37.7,355,134,73.9,682,504,1038,713,325,7,364,0,5,468,0,0,0,2454,45.9,31.3,54.8,,435,90,153,0,68.7,,41.7,1586,661,46.3,967,448,34.4,619,213,67.1,484,325,813,517,296,7,333,0,9,569,0,0,0,2159,30.5,36.4,48.4,,421,47,159,0,60,
2005,20042005,103,Grambling,SWAC,26,14,12,1085,0,41,1262,518,43.6,854,372,35.8,408,146,62.6,374,234,766,516,250,5,329,0,4,432,0,0,0,1732,29.6,32.6,46.8,,310,82,149,0,60.7,,43.3,1209,524,47.3,909,430,31.3,300,94,61.6,497,306,825,565,260,6,339,0,3,383,0,0,0,1806,41.1,31.5,47.2,,269,89,156,0,63.2,
2005,20042005,105,Green Bay,Horizon,28,17,11,1135,0,45.6,1269,579,49.3,837,413,38.4,432,166,74.3,448,333,760,543,217,4,303,0,1,431,0,0,0,1883,35.3,28.6,52.2,,343,48,147,0,64.2,,43.7,1316,575,49.5,862,427,32.6,454,148,66.5,463,308,824,540,284,2,315,0,1,449,0,0,0,1927,35.2,34.5,49.3,,277,65,155,0,63.4,
2005,20042005,106,Hampton,MEAC,30,17,13,1245,0,44.1,1434,632,47.7,1035,494,34.6,399,138,61.9,633,392,972,640,332,15,470,0,7,524,0,0,0,1973,44.1,34.2,48.9,,323,67,223,0,57.6,,42.5,1438,611,46.6,1011,471,32.8,427,140,63,579,365,902,594,308,9,464,0,8,548,0,0,0,1920,40.3,34.1,47.4,,315,81,203,0,56.7,
2005,20042005,107,Harvard,Ivy,27,12,15,1125,0,42.8,1230,526,48.5,804,390,31.9,426,136,71,451,320,775,504,271,10,381,0,0,434,0,0,0,1813,36.7,35,48.3,,284,75,172,0,63.5,,45.3,1204,546,50.1,799,400,36,405,146,69.6,487,339,742,502,240,4,356,0,3,422,0,0,0,1874,40.4,32.3,51.4,,282,82,216,0,66.1,
2005,20042005,108,Hawai'i,WAC,29,16,13,1175,0,43.4,776,337,46.6,526,245,36.8,250,92,64.6,195,126,433,275,158,2,160,0,2,238,0,0,0,1990,25.1,36.5,49.4,,222,48,90,0,115.5,,43.6,708,309,46.5,507,236,36.3,201,73,74.7,289,216,481,319,162,1,190,0,2,192,0,0,0,1926,40.8,33.7,48.8,,188,44,82,0,115.3,
2005,20042005,109,High Point,Big South,30,13,17,1250,0,43.2,1455,629,46.9,1016,476,34.9,439,153,65.4,547,358,932,602,330,8,380,0,6,489,0,0,0,2242,37.6,35.4,48.5,,344,81,225,0,66.1,,41.9,1389,582,45.9,921,423,34,468,159,70.3,526,370,885,593,292,8,401,0,7,463,0,0,0,2129,37.9,33,47.6,,332,102,188,0,65.7,
2005,20042005,110,Hofstra,CAA,30,21,9,1235,0,44.5,1585,706,50.1,1001,502,34.9,584,204,65.4,598,391,1017,662,355,4,390,0,2,552,0,0,0,2157,37.7,34.9,51,,367,127,225,0,58.4,,40.9,1550,634,44.3,1038,460,34,512,174,68.9,610,420,988,633,355,7,417,0,4,545,0,0,0,1982,39.4,35.9,46.5,,360,92,178,0,54.5,
2005,20042005,111,Holy Cross,Patriot,31,24,7,1285,0,43.3,1462,633,46.8,985,461,36.1,477,172,65.4,526,344,926,593,333,7,347,0,3,463,0,0,0,2061,36,36,49.2,,363,136,266,0,60.9,,38.8,1300,505,39.7,890,353,37.1,410,152,72.4,504,365,839,576,263,5,451,0,1,481,0,0,0,1765,38.8,31.3,44.7,,305,89,178,0,58,
2005,20042005,113,Houston,CUSA,31,18,13,1240,0,39.1,1500,587,44.1,836,369,32.8,664,218,61.3,478,293,794,446,348,11,302,0,9,585,0,0,0,2153,31.9,43.8,46.4,,293,100,251,0,62.9,,46,1177,542,50,798,399,37.7,379,143,71.4,703,502,957,666,291,3,491,0,3,453,0,0,0,2129,59.7,30.4,52.1,,351,98,114,0,71.6,
2005,20042005,114,Howard,MEAC,28,5,23,1120,0,36.5,1459,532,40.1,878,352,31,581,180,67,485,325,873,533,340,9,395,0,6,546,0,0,0,1792,33.2,38.9,42.6,,229,79,157,0,53.6,,45.1,1387,626,48.9,991,485,35.6,396,141,65.3,686,448,1015,664,351,6,385,0,6,447,0,0,0,2065,49.5,34.6,50.2,,360,98,156,0,61.1,
2005,20042005,115,IU Indianapolis,Summit,28,15,13,1135,0,44.6,1443,644,50.5,886,447,35.4,557,197,70.2,460,323,816,496,320,2,278,0,5,478,0,0,0,2008,31.9,39.2,51.5,,362,72,203,0,61,,46.8,1248,584,50.9,784,399,39.9,464,185,69.9,538,376,807,552,255,11,375,0,4,446,0,0,0,1933,43.1,31.6,54.2,,393,59,135,0,65.1,
2005,20042005,116,Idaho State,Big Sky,27,9,18,1125,0,40.8,1194,487,45.6,803,366,30.9,391,121,69.5,531,369,684,447,237,1,337,0,2,451,0,0,0,1776,44.5,34.6,45.9,,276,85,191,0,62.2,,44.2,1204,532,51.4,734,377,33,470,155,71,504,358,820,540,280,1,386,0,4,452,0,0,0,1893,41.9,34.1,50.6,,335,77,143,0,66.4,
2005,20042005,117,Idaho,Big West,29,8,21,1190,0,41.9,1595,668,46,1116,513,32.4,479,155,64.3,429,276,948,606,342,2,359,0,5,495,0,0,0,1820,26.9,36.1,46.7,,324,81,158,0,51,,44.7,1472,658,49.7,1023,508,33.4,449,150,69,571,394,973,671,302,3,382,0,1,469,0,0,0,1942,38.8,31,49.8,,353,77,161,0,56.3,
2005,20042005,118,Illinois,Big Ten,39,37,2,1590,0,48.4,2187,1058,54.4,1338,728,38.9,849,330,72.6,643,467,1309,898,411,4,421,0,3,592,0,0,0,3002,29.4,31.4,55.9,,703,117,287,0,60.8,,41.4,2037,844,44.1,1398,617,35.5,639,227,66.3,596,395,1179,791,388,11,561,0,1,589,0,0,0,2382,29.3,32.9,47,,470,93,192,0,51.8,
2005,20042005,119,Illinois State,MVC,29,17,12,1175,0,45.8,1333,611,51.4,874,449,35.3,459,162,65.1,504,328,841,590,251,7,372,0,2,429,0,0,0,1947,37.8,29.8,51.9,,359,71,166,0,62.6,,44.9,1432,643,49.1,987,485,35.5,445,158,67.7,393,266,849,575,274,11,344,0,4,461,0,0,0,1901,27.4,32.3,50.4,,346,85,160,0,59.2,
2005,20042005,121,Indiana,Big Ten,29,15,14,1195,0,42.7,1337,571,47.2,870,411,34.3,467,160,71.3,526,375,813,538,275,9,333,0,0,467,0,0,0,1850,39.3,33.8,48.7,,308,120,171,0,59,,42.2,1366,577,47,909,427,32.8,457,150,73.7,506,373,878,564,314,6,360,0,2,462,0,0,0,1845,37,35.8,47.7,,322,80,182,0,58.1,
2005,20042005,122,Indiana State,MVC,32,11,21,1325,0,39.7,1367,543,44.1,953,420,29.7,414,123,70.2,530,372,825,580,245,6,320,0,1,406,0,0,0,1968,38.8,29.7,44.2,,312,46,158,0,61.5,,45,1367,615,50.8,939,477,32.2,428,138,74.9,419,314,909,677,232,4,364,0,3,494,0,0,0,2090,30.7,25.5,50,,354,75,151,0,67.4,
2005,20042005,123,Iona,MAAC,30,15,15,1225,0,44.3,1606,711,46.8,1231,576,36,375,135,72,657,473,1041,696,345,3,426,0,6,563,0,0,0,2164,40.9,33.1,48.5,,413,172,187,0,57.1,,40.6,1652,670,43.9,1086,477,34.1,566,193,71.2,650,463,1025,642,383,11,419,0,7,557,0,0,0,2132,39.3,37.4,46.4,,383,95,215,0,55,
2005,20042005,124,Iowa,Big Ten,32,20,12,1325,0,45.5,1661,755,49.2,1159,570,36.9,502,185,69.7,673,469,1083,741,342,5,419,0,2,564,0,0,0,2316,40.5,31.6,51,,447,162,217,0,59.2,,42,1706,716,45.4,1163,528,34.6,543,188,67.3,590,397,1048,687,361,16,436,0,2,585,0,0,0,2146,34.6,34.4,47.5,,418,91,189,0,54.6,
2005,20042005,125,Iowa State,Big 12,31,19,12,1285,0,43.9,1684,740,47.7,1326,633,29.9,358,107,68.1,596,406,1030,682,348,1,372,0,4,501,0,0,0,2112,35.4,33.8,47.1,,421,113,278,0,54.3,,41.7,1641,685,48.2,1013,488,31.4,628,197,67.7,508,344,1054,699,355,15,487,0,5,512,0,0,0,2005,31,33.7,47.7,,428,97,205,0,53.8,
2005,20042005,126,Jackson State,SWAC,32,15,17,1310,0,39.3,1237,486,43.6,933,407,26,304,79,69.6,447,311,765,477,288,12,365,0,3,458,0,0,0,2058,36.1,37.6,42.5,,250,98,202,0,71.8,,42.1,1119,471,46.5,789,367,31.5,330,104,66.5,570,379,807,541,266,8,401,0,3,400,0,0,0,2196,50.9,33,46.7,,253,79,176,0,80.2,
2005,20042005,127,Jacksonville,ASUN,29,16,13,1190,0,46.2,1384,639,50,1006,503,36,378,136,66,573,378,878,608,270,3,432,0,5,477,0,0,0,2049,41.4,30.8,51.1,,355,151,226,0,62.6,,41.7,1498,625,46.4,980,455,32.8,518,170,67.1,593,398,944,575,369,8,423,0,1,456,0,0,0,2159,39.6,39.1,47.4,,293,78,194,0,61.4,
2005,20042005,128,Jacksonville State,OVC,29,7,22,1195,0,44.5,1465,652,48.8,995,486,35.3,470,166,72.4,507,367,820,539,281,8,369,0,4,477,0,0,0,2013,34.6,34.3,50.2,,348,99,195,0,59.6,,50.3,1440,724,53.2,1050,559,42.3,390,165,71.4,539,385,871,607,264,7,368,0,5,447,0,0,0,2178,37.4,30.3,56,,381,65,184,0,64.9,
2005,20042005,129,James Madison,CAA,28,6,22,1140,0,40.8,1298,529,43.8,931,408,33,367,121,65.1,521,339,816,525,291,5,429,0,9,527,0,0,0,1695,40.1,35.7,45.4,,260,88,149,0,55.5,,44,1364,600,47.6,912,434,36.7,452,166,70.9,616,437,874,567,307,2,325,0,3,480,0,0,0,2022,45.2,35.1,50.1,,328,95,201,0,61.8,
2005,20042005,130,Kansas City,Summit,28,16,12,1120,0,45.7,1489,680,49.8,976,486,37.8,513,194,68.9,563,388,880,564,316,7,337,0,4,434,0,0,0,2060,37.8,35.9,52.2,,379,79,203,0,59.3,,45.6,1536,700,49,1036,508,38.4,500,192,65,449,292,916,576,340,4,362,0,2,488,0,0,0,2023,29.2,37.1,51.8,,390,69,187,0,58.3,
2005,20042005,131,Kansas,Big 12,30,23,7,1250,0,47.9,1456,698,53.4,988,528,36.3,468,170,70.4,557,392,958,666,292,3,361,0,2,496,0,0,0,2251,38.3,30.5,53.8,,431,94,173,0,66.2,,39.2,1482,581,42.8,964,413,32.4,518,168,68.2,566,386,890,553,337,5,358,0,5,506,0,0,0,1956,38.2,37.9,44.9,,284,63,177,0,56.5,
2005,20042005,132,Kansas State,Big 12,28,16,12,1150,0,43.5,1460,635,46,1054,485,36.9,406,150,66.9,544,364,902,583,319,1,323,0,3,443,0,0,0,1927,37.3,35.4,48.6,,405,54,176,0,56.7,,43.9,1434,630,49.1,897,440,35.4,537,190,68.8,436,300,863,582,281,6,347,0,2,499,0,0,0,1869,30.4,32.6,50.6,,411,83,148,0,57.5,
2005,20042005,134,Kent State,MAC,33,20,13,1350,0,44.1,1745,770,48.9,1116,546,35.6,629,224,67.9,579,393,1038,672,366,8,426,0,5,590,0,0,0,2322,33.2,35.3,50.5,,464,53,255,0,58.1,,45.1,1590,717,50.3,1024,515,35.7,566,202,71.1,608,432,1006,708,298,7,485,0,4,580,0,0,0,2209,38.2,29.6,51.4,,416,74,212,0,59.5,
2005,20042005,135,Kentucky,SEC,33,27,6,1355,0,46.8,1822,852,52.9,1235,653,33.9,587,199,65.9,680,448,1131,741,390,11,425,0,3,549,0,0,0,2411,37.3,34.5,52.2,,484,142,291,0,56.8,,40.4,1751,708,44.7,1112,497,33,639,211,68.4,554,379,1088,701,387,9,559,0,3,592,0,0,0,2064,31.6,35.6,46.5,,367,102,168,0,51.7,
2005,20042005,136,LSU,SEC,30,20,10,1280,0,46,1516,697,50.9,1003,511,36.3,513,186,73.4,616,452,989,676,313,7,358,0,7,437,0,0,0,2257,40.6,31.6,52.1,,398,111,194,0,63.1,,44,1552,683,47.1,1023,482,38,529,201,67.6,476,322,858,585,273,1,344,0,1,521,0,0,0,2142,30.7,31.8,50.5,,316,74,165,0,60.8,
2005,20042005,137,La Salle,A-10,28,9,19,1195,0,40.2,1382,555,46,782,360,32.5,600,195,72.9,447,326,795,553,242,7,350,0,0,373,0,0,0,1746,32.3,30.4,47.2,,330,56,201,0,55.3,,43.6,1494,652,50.1,890,446,34.1,604,206,70.8,366,259,985,642,343,5,372,0,2,446,0,0,0,1916,24.5,34.8,50.5,,397,84,163,0,57.9,
2005,20042005,138,Lafayette,Patriot,27,9,18,1110,0,40.3,1412,569,47,847,398,30.3,565,171,74,542,401,903,643,260,6,441,0,3,480,0,0,0,1812,38.4,28.8,46.4,,309,77,160,0,54.9,,43.4,1545,671,49,984,482,33.7,561,189,72,511,368,972,658,314,4,369,0,3,481,0,0,0,2020,33.1,32.3,49.5,,346,68,235,0,57.1,
2005,20042005,139,Lamar,Southland,29,18,11,1190,0,44.6,1469,655,49,1016,498,34.7,453,157,68.2,679,463,943,636,307,5,369,0,9,503,0,0,0,2338,46.2,32.6,49.9,,350,109,210,0,66.1,,42.3,1483,628,46.1,999,461,34.5,484,167,61.4,607,373,976,626,350,3,427,0,4,546,0,0,0,2167,40.9,35.9,48,,398,77,180,0,61.9,
2005,20042005,141,Lehigh,Patriot,28,13,15,1135,0,37.8,1152,435,40.4,737,298,33,415,137,70.1,482,338,754,519,235,1,291,0,1,420,0,0,0,1711,41.8,31.2,43.7,,274,40,144,0,62.7,,40.2,1102,443,42.2,715,302,36.4,387,141,71.8,443,318,764,558,206,7,333,0,3,427,0,0,0,1695,40.2,27,46.6,,278,70,145,0,65.3,
2005,20042005,142,Liberty,Big South,28,13,15,1150,0,42.5,1349,573,47.1,928,437,32.3,421,136,65.5,496,325,890,585,305,1,347,0,5,447,0,0,0,1902,36.8,34.3,47.5,,299,73,149,0,60.7,,42.5,1416,602,47.2,1014,479,30.6,402,123,71.1,519,369,886,571,315,1,299,0,4,434,0,0,0,2082,36.7,35.6,46.9,,288,93,188,0,63.3,
2005,20042005,143,Lipscomb,ASUN,28,16,12,1165,0,42.8,1517,650,48.1,945,455,34.1,572,195,65.4,547,358,1019,677,342,17,427,0,2,524,0,0,0,1939,36.1,33.6,49.3,,348,63,174,0,55.2,,43.6,1508,658,48.6,1011,491,33.6,497,167,66.8,585,391,923,646,277,5,356,0,7,490,0,0,0,1936,38.8,30,49.2,,344,127,225,0,54.8,
2005,20042005,144,Little Rock,Sun Belt,27,17,10,1115,0,44.8,1254,562,47.6,924,440,37,330,122,73.7,486,358,801,551,250,2,375,0,8,464,0,0,0,1816,38.8,31.2,49.7,,313,78,154,0,61.9,,43.3,1325,574,46.8,910,426,35.7,415,148,65.3,493,322,808,513,295,5,387,0,5,478,0,0,0,1810,37.2,36.5,48.9,,298,70,153,0,58.7,
2005,20042005,145,Long Beach State,Big West,29,10,19,1190,0,41.1,1431,588,44.9,972,436,33.1,459,152,64.1,432,277,897,583,314,1,431,0,4,485,0,0,0,1758,30.2,35,46.4,,303,82,132,0,54.2,,45.2,1441,651,49.8,1003,499,34.7,438,152,64.9,516,335,912,604,308,3,373,0,6,425,0,0,0,1915,35.8,33.8,50.5,,368,67,197,0,57.4,
2005,20042005,146,Long Island University,NEC,28,14,14,1135,0,42.9,1458,626,47.5,934,444,34.7,524,182,67.2,530,356,916,618,298,7,413,0,6,520,0,0,0,1909,36.4,32.5,49.2,,336,57,139,0,56.4,,46.1,1479,682,52,1067,555,30.8,412,127,68.3,552,377,923,639,284,3,384,0,2,539,0,0,0,1981,37.3,30.8,50.4,,408,70,204,0,57.5,
2005,20042005,148,Louisiana,Sun Belt,30,20,10,1215,0,44.7,1554,695,50.3,1030,518,33.8,524,177,65.9,557,367,953,585,368,1,427,0,9,506,0,0,0,2161,35.8,38.6,50.4,,326,74,250,0,60.1,,44.3,1433,635,48.7,957,466,35.5,476,169,65.9,574,378,874,576,298,3,459,0,6,501,0,0,0,2024,40.1,34.1,50.2,,347,62,192,0,60,
2005,20042005,149,Louisiana Tech,WAC,29,14,15,1190,0,44.3,1360,603,49.4,996,492,30.5,364,111,61.7,520,321,903,587,316,1,340,0,2,399,0,0,0,2040,38.2,35,48.4,,345,61,162,0,64.2,,43.8,1392,610,47.1,991,467,35.7,401,143,70.3,417,293,831,556,275,2,315,0,4,430,0,0,0,2045,30,33.1,49,,331,91,173,0,64.9,
2005,20042005,150,Louisville,CUSA,38,33,5,1535,0,46.7,2006,936,51.5,1170,602,40,836,334,71.8,882,633,1368,918,450,1,487,0,3,658,0,0,0,3066,44,32.9,55,,550,136,304,0,64,,38.8,1955,758,42.5,1243,528,32.3,712,230,66,744,491,1170,745,425,12,582,0,6,745,0,0,0,2436,38.1,36.3,44.7,,422,87,227,0,53.4,
2005,20042005,151,Loyola Chicago,Horizon,30,13,17,1230,0,44.8,1392,623,50.5,929,469,33.3,463,154,69.6,497,346,819,574,245,7,398,0,3,503,0,0,0,2018,35.7,29.9,50.3,,313,92,212,0,62.6,,43.7,1478,646,47.5,1004,477,35.7,474,169,68.6,519,356,936,593,343,4,399,0,2,461,0,0,0,2081,35.1,36.6,49.4,,347,70,197,0,61,
2005,20042005,152,Loyola Maryland,MAAC,28,6,22,1120,0,42.5,1375,584,45.3,1049,475,33.4,326,109,66,606,400,927,617,310,8,445,0,6,527,0,0,0,1846,44.1,33.4,46.4,,299,70,143,0,56.2,,44.5,1453,646,49,984,482,35,469,164,68.6,643,441,881,590,291,6,339,0,7,503,0,0,0,2115,44.3,33,50.1,,390,113,212,0,60.9,
2005,20042005,153,Loyola Marymount,WCC,28,11,17,1135,0,41.6,1489,620,45.5,1089,496,31,400,124,71.9,455,327,819,532,287,3,352,0,1,515,0,0,0,1899,30.6,35,45.8,,388,71,219,0,56.2,,47.1,1292,608,51.2,892,457,37.8,400,151,68.2,598,408,901,649,252,3,445,0,5,468,0,0,0,1976,46.3,28,52.9,,330,84,165,0,63.5,
2005,20042005,154,Maine,Am. East,28,13,15,1135,0,41.2,1353,558,43.7,874,382,36.7,479,176,72.1,383,276,892,617,275,8,441,0,1,485,0,0,0,1786,28.3,30.8,47.7,,295,98,187,0,58.7,,41.7,1349,563,45.2,970,438,33,379,125,66.7,538,359,849,576,273,5,360,0,3,401,0,0,0,1834,39.9,32.2,46.4,,286,102,219,0,57.8,
2005,20042005,155,Manhattan,MAAC,28,15,13,1150,0,44.1,1472,649,48.5,1065,517,32.4,407,132,68.8,581,400,884,563,321,6,297,0,11,508,0,0,0,2045,39.5,36.3,48.6,,333,135,209,0,59.2,,42.8,1395,597,46.4,1014,471,33.1,381,126,69.1,596,412,923,598,325,7,390,0,7,471,0,0,0,1956,42.7,35.2,47.3,,315,107,158,0,59,
2005,20042005,156,Marist,MAAC,27,11,16,1095,0,44.8,1424,638,48.9,863,422,38.5,561,216,67.5,517,349,898,649,249,5,358,0,5,452,0,0,0,1909,36.3,27.7,52.4,,410,62,153,0,57.8,,44.1,1525,672,49.1,999,491,34.4,526,181,71.2,497,354,929,636,293,3,322,0,3,486,0,0,0,1959,32.6,31.5,50,,318,85,209,0,56.2,
2005,20042005,157,Marquette,CUSA,31,19,12,1290,0,42.4,1253,531,46.6,761,355,35.8,492,176,70.5,458,323,878,571,307,20,377,0,0,461,0,0,0,2080,36.6,35,49.4,,324,61,100,0,71.5,,40.6,1304,530,45.1,841,379,32.6,463,151,66.7,502,335,739,470,269,10,267,0,5,444,0,0,0,2008,38.5,36.4,46.4,,306,53,191,0,65.8,
2005,20042005,158,Marshall,MAC,27,6,21,1080,0,41.3,1248,516,46.1,748,345,34.2,500,171,71.8,451,324,757,478,279,2,319,0,6,445,0,0,0,1781,36.1,36.9,48.2,,276,69,125,0,61.6,,46.4,1254,582,50.2,838,421,38.7,416,161,70.6,514,363,784,517,267,3,288,0,3,441,0,0,0,1978,41,34.1,52.8,,352,61,176,0,66.8,
2005,20042005,159,Maryland Eastern Shore,MEAC,28,2,26,1120,0,36.8,1178,433,41.5,745,309,28.6,433,124,62.4,465,290,766,530,236,9,513,0,8,440,0,0,0,1581,39.5,30.8,42,,216,40,126,0,57.2,,48.7,1398,681,54.1,1047,566,32.8,351,115,63.9,518,331,883,603,280,8,327,0,7,426,0,0,0,2227,37.1,31.7,52.8,,363,56,265,0,68.5,
2005,20042005,160,Maryland,ACC,31,19,12,1305,0,43.6,1753,764,46.9,1289,605,34.3,464,159,73.2,708,518,1177,764,413,0,439,0,5,493,0,0,0,2556,40.4,35.1,48.1,,410,166,226,0,61.9,,40.6,1763,716,43.2,1183,511,35.3,580,205,67.3,584,393,1064,679,385,5,448,0,0,555,0,0,0,2363,33.1,36.2,46.4,,387,137,228,0,58.5,
2005,20042005,161,Massachusetts,A-10,27,15,12,1185,0,43.4,1263,548,49,834,409,32.4,429,139,68.3,464,317,808,536,272,6,379,0,1,405,0,0,0,1732,36.7,33.7,48.9,,352,125,202,0,59,,41.5,1389,577,45.5,913,415,34,476,162,70.7,423,299,821,494,327,1,325,0,2,401,0,0,0,1785,30.5,39.8,47.4,,349,76,182,0,56.7,
2005,20042005,162,McNeese,Southland,28,13,15,1120,0,44.4,1333,592,49.7,928,461,32.3,405,131,69.9,478,334,768,482,286,1,374,0,2,518,0,0,0,2090,35.9,37.2,49.3,,319,72,224,0,67.7,,46.9,1120,525,50.3,786,395,38.9,334,130,67.7,623,422,772,539,233,3,462,0,3,433,0,0,0,2070,55.6,30.2,52.7,,291,50,187,0,74.2,
2005,20042005,163,Memphis,CUSA,38,22,16,1520,0,42.4,2006,850,46.7,1298,606,34.5,708,244,68.3,898,613,1359,849,510,11,535,0,8,708,0,0,0,2714,44.8,37.5,48.5,,423,183,257,0,56.5,,38.9,2034,792,42,1370,575,32.7,664,217,68.3,856,585,1268,761,507,5,515,0,5,767,0,0,0,2490,42.1,40,44.3,,431,118,275,0,51.6,
2005,20042005,164,Mercer,ASUN,27,15,12,1105,0,44.8,1421,636,50.5,881,445,35.4,540,191,68.7,479,329,864,562,302,3,361,0,2,410,0,0,0,2139,33.7,35,51.5,,378,66,202,0,65.5,,45.5,1423,648,50.4,899,453,37.2,524,195,67.1,419,281,860,556,304,10,375,0,5,426,0,0,0,2081,29.4,35.3,52.4,,344,86,191,0,64.7,
2005,20042005,167,Miami (OH),MAC,30,19,11,1260,0,45.1,1437,648,49.2,922,454,37.7,515,194,68.4,503,344,1009,682,327,3,389,0,4,543,0,0,0,1970,35,32.4,51.8,,359,62,143,0,59.4,,41.2,1439,593,45.3,956,433,33.1,483,160,69.5,557,387,831,562,269,1,311,0,5,511,0,0,0,1838,38.7,32.4,46.8,,284,82,206,0,54.6,
2005,20042005,168,Miami,ACC,29,16,13,1190,0,43,1641,706,46.5,1124,523,35.4,517,183,68.1,477,325,1055,657,398,5,351,0,2,448,0,0,0,2071,29.1,37.7,48.6,,304,133,200,0,55.9,,42.7,1583,676,46.8,971,454,36.3,612,222,66,474,313,956,619,337,7,374,0,3,463,0,0,0,2020,29.9,35.3,49.7,,343,110,156,0,56.4,
2005,20042005,169,Michigan State,Big Ten,32,26,6,1315,0,48.4,1511,732,55.5,1021,567,33.7,490,165,77.8,563,438,962,647,315,5,369,0,2,522,0,0,0,2516,37.3,32.7,53.9,,452,59,206,0,71.5,,43.9,1425,626,47.9,947,454,36,478,172,66.5,564,375,786,529,257,9,394,0,6,501,0,0,0,2078,39.6,32.7,50,,344,61,185,0,62.1,
2005,20042005,170,Michigan,Big Ten,30,13,17,1230,0,44.4,1497,665,50.8,1011,514,31.1,486,151,71.7,505,362,934,626,308,17,466,0,2,484,0,0,0,1843,33.7,33,49.5,,367,130,170,0,53.6,,42.4,1582,671,46.9,1055,495,33.4,527,176,69.8,524,366,960,605,355,5,416,0,0,539,0,0,0,1884,33.1,37,48,,420,79,209,0,52,
2005,20042005,171,Middle Tennessee,Sun Belt,31,19,12,1270,0,43.7,1603,701,47.8,1093,523,34.9,510,178,70.6,609,430,1059,688,371,8,390,0,7,532,0,0,0,2212,38,35,49.3,,322,67,174,0,59.1,,42,1492,626,45.6,995,454,34.6,497,172,69.2,562,389,910,635,275,7,423,0,5,539,0,0,0,2028,37.7,30.2,47.7,,314,98,189,0,58.3,
2005,20042005,172,Milwaukee,Horizon,31,25,6,1270,0,44.1,1692,746,49.9,1015,506,35.5,677,240,70.6,626,442,1053,665,388,6,402,0,7,563,0,0,0,2350,37,36.8,51.2,,404,101,241,0,59.7,,41.4,1592,659,46,1079,496,31.8,513,163,69.5,590,410,1025,662,363,14,510,0,3,576,0,0,0,2014,37.1,35.4,46.5,,325,75,193,0,54.4,
2005,20042005,173,Minnesota,Big Ten,31,21,10,1255,0,44.9,1367,614,49.4,979,484,33.5,388,130,70.6,554,391,898,598,300,9,421,0,3,416,0,0,0,2106,40.5,33.4,49.7,,357,117,235,0,65.4,,41.4,1404,581,47,949,446,29.7,455,135,71.8,439,315,829,541,288,8,440,0,1,500,0,0,0,1942,31.3,34.7,46.2,,347,107,218,0,60.8,
2005,20042005,174,Mississippi State,SEC,34,23,11,1360,0,44.8,1760,788,49.9,1226,612,33,534,176,68.1,680,463,1235,798,437,2,439,0,2,468,0,0,0,2466,38.6,35.4,49.8,,426,103,205,0,59.9,,40.9,1774,726,46,1133,521,32,641,205,68.7,495,340,969,637,332,8,412,0,5,561,0,0,0,2245,27.9,34.3,46.7,,400,99,237,0,56.4,
2005,20042005,175,Mississippi Valley State,SWAC,28,13,15,1135,0,40,1117,447,46.1,688,317,30.3,429,130,65.1,278,181,672,429,243,5,245,0,1,350,0,0,0,1875,24.9,36.2,45.8,,201,86,171,0,75.6,,42.2,999,422,45.7,644,294,36.1,355,128,66.2,397,263,714,488,226,3,286,0,0,292,0,0,0,1845,39.7,31.7,48.6,,251,41,98,0,78.6,
2005,20042005,176,Missouri State,MVC,32,19,13,1295,0,44.4,1666,739,46.2,1268,586,38.4,398,153,73.8,745,550,1128,714,414,3,456,0,2,600,0,0,0,2339,44.7,36.7,48.9,,425,112,234,0,58.7,,42.7,1602,684,45.2,1029,465,38.2,573,219,71.5,636,455,937,630,307,5,475,0,8,635,0,0,0,2167,39.7,32.8,49.5,,384,114,223,0,57.6,
2005,20042005,177,Missouri,Big 12,33,16,17,1335,0,40.8,1655,676,47.9,1002,480,30,653,196,67.9,647,439,1093,711,382,8,450,0,6,591,0,0,0,2124,39.1,34.9,46.8,,384,68,190,0,54.8,,43.3,1676,725,46.3,1188,550,35.9,488,175,70.8,602,426,1056,715,341,6,409,0,7,590,0,0,0,2188,35.9,32.3,48.5,,401,96,212,0,56.4,
2005,20042005,178,Monmouth,NEC,28,16,12,1120,0,43.7,1107,484,50.8,667,339,33,440,145,77.2,439,339,676,516,160,6,322,0,0,403,0,0,0,1784,39.7,23.7,50.3,,330,56,193,0,68.6,,40.7,1236,503,45.7,738,337,33.3,498,166,71.3,366,261,797,516,281,6,337,0,2,422,0,0,0,1754,29.6,35.3,47.4,,307,49,159,0,62.8,
2005,20042005,179,Montana,Big Sky,30,17,13,1200,0,46.5,1379,641,51.6,933,481,35.9,446,160,67.2,591,397,950,678,272,6,430,0,5,453,0,0,0,2062,42.9,28.6,52.3,,369,84,149,0,62.9,,42.5,1547,658,46.7,1011,472,34.7,536,186,69.7,462,322,837,560,277,2,343,0,7,522,0,0,0,2052,29.9,33.1,48.5,,371,89,211,0,58.6,
2005,20042005,180,Montana State,Big Sky,28,14,14,1165,0,43,1297,558,50.7,765,388,32,532,170,65.8,374,246,776,576,200,4,355,0,2,402,0,0,0,1893,28.8,25.8,49.6,,325,93,168,0,64.8,,41.6,1317,548,47.1,854,402,31.5,463,146,66.6,476,317,878,608,270,3,358,0,5,395,0,0,0,1888,36.1,30.8,47.2,,332,57,170,0,61.8,
2005,20042005,181,Morehead State,OVC,27,11,16,1110,0,46.4,1215,564,51.9,890,462,31.4,325,102,75.7,465,352,769,563,206,3,414,0,9,412,0,0,0,1706,38.3,26.8,50.6,,350,41,126,0,60.1,,43.4,1439,624,49.4,853,421,34.6,586,203,70.6,415,293,833,518,315,6,324,0,5,448,0,0,0,1885,28.8,37.8,50.4,,380,86,193,0,58.1,
2005,20042005,182,Morgan State,MEAC,30,14,16,1235,0,42.6,1142,487,46.4,816,379,33.1,326,108,63.1,350,221,636,401,235,6,327,0,6,425,0,0,0,1962,30.6,36.9,47.4,,264,43,164,0,75.7,,47.4,1000,474,51.5,707,364,37.5,293,110,67.8,503,341,685,481,204,8,366,0,7,330,0,0,0,2029,50.3,29.8,52.9,,242,66,153,0,83.1,
2005,20042005,183,Mount St. Mary's,NEC,27,7,20,1110,0,42.2,1247,526,45.5,780,355,36.6,467,171,67.5,381,257,707,467,240,5,342,0,3,488,0,0,0,1765,30.6,33.9,49,,281,26,132,0,62.4,,48.8,1187,579,53.9,838,452,36.4,349,127,67,540,362,772,542,230,4,320,0,2,390,0,0,0,1936,45.5,29.8,54.1,,314,69,166,0,67.9,
2005,20042005,184,Murray State,OVC,28,17,11,1135,0,45.1,1557,702,49.8,1027,511,36,530,191,64.8,497,322,917,554,363,5,343,0,3,526,0,0,0,1997,31.9,39.6,51.2,,391,75,200,0,56.2,,46.7,1317,615,50.6,909,460,38,408,155,70.3,569,400,836,592,244,8,415,0,2,471,0,0,0,1841,43.2,29.2,52.6,,381,90,165,0,58.7,
2005,20042005,185,NC State,ACC,35,21,14,1400,0,45.3,1696,769,50.5,990,500,38.1,706,269,71.1,657,467,991,656,335,7,383,0,2,588,0,0,0,2559,38.7,33.8,53.3,,463,142,226,0,64.5,,43.5,1638,712,47.4,1128,535,34.7,510,177,70.3,664,467,1057,694,363,10,465,0,4,602,0,0,0,2314,40.5,34.3,48.9,,344,100,196,0,59.9,
2005,20042005,187,Navy,Patriot,28,9,19,1150,0,39.3,1437,565,43.1,955,412,31.7,482,153,65.1,596,388,980,603,377,6,449,0,3,531,0,0,0,1951,41.5,38.5,44.6,,288,56,213,0,57.4,,43.9,1370,601,49.4,913,451,32.8,457,150,70.2,624,438,881,613,268,7,407,0,4,532,0,0,0,2084,45.5,30.4,49.3,,327,98,228,0,63.4,
2005,20042005,188,Nebraska,Big 12,28,14,14,1135,0,42.2,1230,519,47.7,810,386,31.7,420,133,65.9,484,319,832,537,295,5,308,0,3,437,0,0,0,1905,39.3,35.5,47.6,,295,83,122,0,66,,42.8,1160,497,47.7,780,372,32.9,380,125,67.1,456,306,722,517,205,9,301,0,1,446,0,0,0,1790,39.3,28.4,48.2,,261,86,150,0,65.8,
2005,20042005,189,Nevada,WAC,32,25,7,1295,0,45.4,1420,644,49.6,1153,572,27,267,72,70.9,645,457,1025,693,332,2,368,0,8,414,0,0,0,2225,45.4,32.4,47.9,,390,129,183,0,65.3,,40.8,1516,618,44.2,1075,475,32.4,441,143,71.2,417,297,828,552,276,1,335,0,4,520,0,0,0,1974,27.5,33.3,45.5,,337,83,200,0,58.1,
2005,20042005,190,New Hampshire,Am. East,28,9,19,1135,0,44.7,1307,584,52.5,864,454,29.3,443,130,67.8,469,318,822,575,247,5,397,0,1,402,0,0,0,1816,35.9,30,49.7,,330,63,174,0,60,,42.3,1473,623,47.6,928,442,33.2,545,181,71.7,424,304,901,564,337,8,348,0,4,448,0,0,0,1947,28.8,37.4,48.4,,341,71,209,0,58.7,
2005,20042005,191,New Mexico,Mountain West,33,26,7,1320,0,48.6,1490,724,55.1,895,493,38.8,595,231,67.8,646,438,954,665,289,3,379,0,6,477,0,0,0,2492,43.4,30.3,56.3,,422,92,218,0,70.2,,42.2,1575,664,48.7,1000,487,30.8,575,177,68.7,441,303,915,596,319,5,417,0,6,567,0,0,0,2121,28,34.9,47.8,,380,95,199,0,59.9,
2005,20042005,192,New Mexico State,Sun Belt,30,6,24,1245,0,42.4,1263,536,46.9,797,374,34.8,466,162,66.7,420,280,725,490,235,2,343,0,2,400,0,0,0,2024,33.3,32.4,48.9,,270,69,117,0,69.9,,46.5,1351,628,51.3,949,487,35.1,402,141,72.9,462,337,872,566,306,2,304,0,3,410,0,0,0,2265,34.2,35.1,51.7,,311,67,145,0,72.9,
2005,20042005,193,New Orleans,Sun Belt,29,12,17,1175,0,42.9,1417,608,46,1028,473,34.7,389,135,62.7,507,318,880,556,324,6,317,0,1,471,0,0,0,1946,35.8,36.8,47.7,,334,54,157,0,59.3,,44.4,1374,610,47.6,945,450,37.3,429,160,67.5,508,343,902,589,313,6,343,0,5,453,0,0,0,2024,37,34.7,50.2,,330,102,164,0,63.3,
2005,20042005,194,Niagara,MAAC,30,20,10,1265,0,43.1,1740,750,47.5,1050,499,36.4,690,251,75.3,700,527,1117,686,431,2,355,0,10,510,0,0,0,2537,40.2,38.6,50.3,,426,89,187,0,61.9,,46.3,1667,771,50.5,1198,605,35.4,469,166,73.2,574,420,929,641,288,6,340,0,4,550,0,0,0,2351,34.4,31,51.2,,451,110,166,0,61.2,
2005,20042005,195,Nicholls,Southland,27,6,21,1095,0,39.5,1456,575,43.6,888,387,33.1,568,188,71.3,508,362,862,574,288,2,354,0,1,445,0,0,0,1936,34.9,33.4,45.9,,312,28,159,0,57.6,,47.7,1424,679,53.2,950,505,36.7,474,174,67,515,345,940,671,269,3,362,0,2,489,0,0,0,2119,36.2,28.6,53.8,,346,102,178,0,64.2,
2005,20042005,196,Norfolk State,MEAC,26,12,14,1070,0,41.2,1060,437,43.8,763,334,34.7,297,103,62.6,439,275,739,477,262,3,333,0,3,371,0,0,0,1601,41.4,35.5,46.1,,226,86,155,0,63.9,,39.6,1092,432,47.4,692,328,26,400,104,69.3,407,282,692,440,252,4,307,0,4,374,0,0,0,1616,37.3,36.4,44.3,,214,65,163,0,63.6,
2005,20042005,198,North Carolina A&T,MEAC,29,5,24,1215,0,38.8,1278,496,45.4,809,367,27.5,469,129,61.6,430,265,714,457,257,4,413,0,7,459,0,0,0,1859,33.6,36,43.9,,245,78,210,0,63.4,,45.1,1208,545,47.5,863,410,39.1,345,135,66.9,553,370,909,608,301,4,448,0,5,419,0,0,0,2151,45.8,33.1,50.7,,298,73,200,0,74.1,
2005,20042005,200,North Carolina,ACC,37,33,4,1480,0,49.4,2151,1062,53.3,1504,802,40.2,647,260,72.1,947,683,1427,946,481,5,560,0,5,635,0,0,0,3257,44,33.7,55.4,,662,125,340,0,63.4,,40.2,2157,867,43.6,1363,594,34.4,794,273,71.5,666,476,1174,743,431,10,619,0,5,766,0,0,0,2600,30.9,36.7,46.5,,472,167,315,0,53.1,
2005,20042005,204,North Texas,Sun Belt,28,14,14,1120,0,41.4,1413,585,45.6,1008,460,30.9,405,125,69.4,516,358,921,595,326,3,372,0,3,480,0,0,0,2072,36.5,35.4,45.8,,260,103,173,0,63.2,,42.6,1345,573,45.6,930,424,35.9,415,149,66.4,571,379,873,589,284,3,366,0,5,452,0,0,0,2064,42.5,32.5,48.1,,282,78,192,0,64.7,
2005,20042005,205,Northeastern,Am. East,31,21,10,1240,0,43.5,1612,702,50.1,979,490,33.5,633,212,70.1,511,358,951,662,289,2,361,0,4,441,0,0,0,2277,31.7,30.4,50.1,,350,178,186,0,62,,41.6,1716,713,45.3,1249,566,31.5,467,147,68,419,285,1115,699,416,3,411,0,2,474,0,0,0,2169,24.4,37.3,45.8,,367,81,187,0,57.1,
2005,20042005,206,Northern Arizona,Big Sky,27,10,17,1080,0,44.9,1326,596,48.7,844,411,38.4,482,185,71.6,514,368,818,580,238,1,366,0,3,454,0,0,0,2046,38.8,29.1,51.9,,333,29,149,0,65.9,,45,1332,600,50.8,861,437,34.6,471,163,72.7,477,347,780,565,215,4,353,0,3,494,0,0,0,2033,35.8,27.6,51.2,,349,96,151,0,65.9,
2005,20042005,208,Northern Illinois,MAC,28,11,17,1165,0,45,1334,600,47.7,882,421,39.6,452,179,74.8,440,329,810,537,273,9,350,0,1,458,0,0,0,1916,33,33.7,51.7,,365,113,138,0,62.7,,44.7,1380,617,49.8,901,449,35.1,479,168,71.3,453,323,819,522,297,4,313,0,0,445,0,0,0,1938,32.8,36.3,50.8,,333,73,168,0,61.4,
2005,20042005,209,Northern Iowa,MVC,32,21,11,1300,0,47.9,1500,719,53.2,1006,535,37.2,494,184,68.4,475,325,925,683,242,6,309,0,7,466,0,0,0,2311,31.7,26.2,54.1,,416,124,162,0,67.6,,42.4,1501,637,44.3,1036,459,38.3,465,178,73.8,465,343,880,626,254,2,343,0,3,485,0,0,0,2127,31,28.9,48.4,,336,70,159,0,62.4,
2005,20042005,211,Northwestern State,Southland,32,20,12,1295,0,44.4,1567,696,48.8,1129,551,33.1,438,145,69.9,664,464,1049,643,406,1,450,0,13,573,0,0,0,2383,42.4,38.7,49,,414,88,241,0,64.1,,43.9,1476,648,47.6,1024,487,35.6,452,161,69.3,625,433,886,584,302,5,461,0,14,568,0,0,0,2241,42.3,34.1,49.4,,378,107,215,0,64,
2005,20042005,212,Northwestern,Big Ten,30,15,15,1215,0,46.1,1182,545,54.1,714,386,34,468,159,61.5,395,243,671,490,181,9,335,0,4,408,0,0,0,1771,33.4,27,52.8,,398,59,195,0,65.3,,45,1212,546,51.1,763,390,34.7,449,156,69.1,427,295,801,548,253,9,375,0,2,409,0,0,0,1857,35.2,31.6,51.5,,330,81,181,0,66.3,
2005,20042005,213,Notre Dame,Big East,29,17,12,1160,0,41.1,1515,623,42.5,914,388,39.1,601,235,74.3,460,342,938,622,316,5,317,0,1,408,0,0,0,1951,30.4,33.7,48.9,,383,116,173,0,56.8,,42.4,1533,650,45.3,1086,492,35.3,447,158,65.6,439,288,974,639,335,5,315,0,2,433,0,0,0,1858,28.6,34.4,47.6,,375,112,171,0,53.8,
2005,20042005,214,Oakland,Summit,32,13,19,1295,0,45.2,1570,709,50.5,1052,531,34.4,518,178,66.5,579,385,892,565,327,5,348,0,3,484,0,0,0,2269,36.9,36.7,50.8,,412,70,201,0,62.2,,48,1547,742,54.2,955,518,37.8,592,224,69.4,539,374,965,642,323,4,402,0,4,511,0,0,0,2352,34.8,33.5,55.2,,491,74,168,0,65.9,
2005,20042005,215,Ohio,MAC,32,21,11,1310,0,46.1,1675,773,52.8,1120,591,32.8,555,182,69.8,802,560,1050,702,348,7,423,0,1,571,0,0,0,2288,47.9,33.1,51.6,,374,86,273,0,56.4,,43.4,1765,766,47.8,1089,520,36.4,676,246,73.3,540,396,1069,690,379,14,497,0,4,669,0,0,0,2174,30.6,35.5,50.4,,417,111,206,0,54.3,
2005,20042005,216,Ohio State,Big Ten,32,20,12,1330,0,46,1542,710,52.4,953,499,35.8,589,211,67.5,418,282,880,635,245,2,313,0,3,446,0,0,0,2273,27.1,27.8,52.9,,411,52,190,0,65.8,,42.1,1493,628,46.6,1023,477,32.1,470,151,73.7,429,316,927,652,275,4,393,0,1,419,0,0,0,2051,28.7,29.7,47.1,,341,69,144,0,61,
2005,20042005,217,Oklahoma,Big 12,33,25,8,1335,0,47,1734,815,51.6,1206,622,36.6,528,193,69.4,585,406,1074,675,399,4,397,0,6,544,0,0,0,2480,33.7,37.2,52.6,,451,115,266,0,62.3,,42.9,1572,675,47.5,1182,561,29.2,390,114,69.8,586,409,944,625,319,1,468,0,4,535,0,0,0,2088,37.3,33.8,46.6,,358,77,203,0,57.1,
2005,20042005,218,Oklahoma State,Big 12,32,25,7,1280,0,49.9,1604,801,52.8,1094,578,43.7,510,223,78.1,584,456,969,646,323,6,396,0,1,515,0,0,0,2507,36.4,33.3,56.9,,490,76,212,0,67.4,,45,1554,700,49.1,1113,547,34.7,441,153,71.8,497,357,829,544,285,3,438,0,3,565,0,0,0,2094,32,34.4,50,,404,68,174,0,59.1,
2005,20042005,219,Old Dominion,CAA,34,28,6,1375,0,43.8,1759,770,48.7,1198,583,33.3,561,187,69.2,649,449,1107,738,369,7,381,0,3,544,0,0,0,2430,36.9,33.3,49.1,,489,137,306,0,59.4,,41.3,1681,694,45.3,1135,514,33,546,180,65.4,518,339,1079,736,343,7,526,0,5,611,0,0,0,2079,30.8,31.8,46.6,,373,84,161,0,54.5,
2005,20042005,220,Ole Miss,SEC,31,14,17,1255,0,43.5,1366,594,47.7,887,423,35.7,479,171,61.1,416,254,776,507,269,14,375,0,7,530,0,0,0,1979,30.5,34.7,49.7,,360,54,187,0,63.9,,45.9,1244,571,50.5,833,421,36.5,411,150,68.3,589,402,827,580,247,5,400,0,6,452,0,0,0,1988,47.3,29.9,51.9,,320,116,184,0,66.1,
2005,20042005,222,Oral Roberts,Summit,33,25,8,1320,0,47,1495,703,50.5,1082,546,38,413,157,71.3,600,428,968,651,317,2,384,0,7,475,0,0,0,2552,40.1,32.7,52.3,,444,81,197,0,72.5,,42.8,1514,648,47,1086,510,32.2,428,138,68.6,523,359,845,553,292,8,381,0,6,538,0,0,0,2231,34.5,34.6,47.4,,285,82,182,0,64,
2005,20042005,223,Oregon,Pac-12,27,14,13,1110,0,45.5,1344,611,52.4,874,458,32.6,470,153,65.4,563,368,852,582,270,0,383,0,2,440,0,0,0,1915,41.9,31.7,51.2,,326,74,130,0,60.2,,43.8,1439,631,49.6,978,485,31.7,461,146,71.8,504,362,807,537,270,3,327,0,1,483,0,0,0,1921,35,33.5,48.9,,354,75,168,0,57.8,
2005,20042005,224,Oregon State,Pac-12,32,17,15,1310,0,44.8,1529,685,47.2,1099,519,38.6,430,166,73.6,587,432,905,608,297,4,400,0,5,460,0,0,0,2328,38.4,32.8,50.2,,378,102,161,0,65.1,,44.9,1661,746,51,1149,586,31.3,512,160,68.6,513,352,997,612,385,4,407,0,1,535,0,0,0,2363,30.9,38.6,49.7,,370,70,184,0,62.6,
2005,20042005,225,Pacific,Big West,31,27,4,1260,0,50,1291,645,55.7,871,485,38.1,420,160,74,527,390,886,629,257,2,337,0,4,358,0,0,0,2258,40.8,29,56.2,,385,76,127,0,74.1,,41.7,1458,608,46.7,919,429,33.2,539,179,66.5,337,224,735,462,273,10,283,0,4,458,0,0,0,2011,23.1,37.1,47.8,,322,59,182,0,62.6,
2005,20042005,226,Penn State,Big Ten,30,7,23,1200,0,40.9,1293,529,45.1,830,374,33.5,463,155,70.1,479,336,853,551,302,5,404,0,1,377,0,0,0,1903,37,35.4,46.9,,313,59,138,0,63.3,,45.9,1454,667,50.4,934,471,37.7,520,196,69,348,240,823,534,289,3,301,0,3,433,0,0,0,2121,23.9,35.1,52.6,,420,97,219,0,66,
2005,20042005,227,Pennsylvania,Ivy,29,20,9,1190,0,43.5,1520,661,48.8,976,476,34,544,185,65.8,625,411,1049,700,349,8,444,0,1,552,0,0,0,1982,41.1,33.3,49.6,,403,85,223,0,55.2,,40.3,1487,600,44.3,964,427,33.1,523,173,63.9,571,365,916,624,292,5,445,0,5,565,0,0,0,1788,38.4,31.9,46.2,,325,97,210,0,51.4,
2005,20042005,228,Pepperdine,WCC,31,17,14,1255,0,44.6,1728,771,48.8,1177,574,35.8,551,197,66.5,680,452,1063,683,380,3,413,0,6,552,0,0,0,2324,39.4,35.7,50.3,,401,108,185,0,57.3,,44,1712,753,47.3,1108,524,37.9,604,229,71.6,598,428,1062,699,363,16,449,0,2,585,0,0,0,2300,34.9,34.2,50.7,,396,72,190,0,58.2,
2005,20042005,229,Pittsburgh,Big East,29,20,9,1190,0,47,1395,656,51,982,501,37.5,413,155,64.9,604,392,963,603,360,12,373,0,3,444,0,0,0,2097,43.3,37.4,52.6,,386,105,169,0,63.1,,41.5,1431,594,45.5,898,409,34.7,533,185,72.2,443,320,773,490,283,5,335,0,6,510,0,0,0,1842,31,36.6,48,,363,82,131,0,56.6,
2005,20042005,230,Portland,WCC,29,14,15,1175,0,45.1,1371,618,49.6,975,484,33.8,396,134,70.5,580,409,834,559,275,4,388,0,2,520,0,0,0,1976,42.3,33,50,,321,79,183,0,60.8,,42.7,1451,620,47.9,959,459,32.7,492,161,69.2,582,403,910,560,350,6,391,0,0,515,0,0,0,1977,40.1,38.5,48.3,,356,95,151,0,57.9,
2005,20042005,231,Portland State,Big Sky,28,19,9,1135,0,48.3,1233,595,54.2,863,468,34.3,370,127,63.7,637,406,816,579,237,2,422,0,3,490,0,0,0,2047,51.7,29,53.4,,397,98,172,0,67.6,,43,1314,565,47.4,935,443,32.2,379,122,72,571,411,776,525,251,7,380,0,5,518,0,0,0,1921,43.5,32.3,47.6,,300,55,196,0,61.4,
2005,20042005,232,Prairie View A&M,SWAC,28,5,23,1150,0,35.9,1230,442,37.7,875,330,31.5,355,112,57.9,397,230,754,518,236,10,387,0,3,473,0,0,0,1594,32.3,31.3,40.5,,177,47,134,0,56.7,,45,1230,554,50.9,906,461,28.7,324,93,59.1,560,331,923,643,280,3,367,0,3,397,0,0,0,2010,45.5,30.3,48.8,,326,93,177,0,68.1,
2005,20042005,234,Princeton,Ivy,28,15,13,1175,0,46,940,432,55.7,476,265,36,464,167,75.2,367,276,553,413,140,18,310,0,4,470,0,0,0,1576,39,25.3,54.8,,280,79,160,0,71.5,,42.4,939,398,47.7,623,297,32,316,101,70.6,547,386,627,419,208,8,299,0,1,387,0,0,0,1521,58.3,33.2,47.8,,220,47,146,0,64.5,
2005,20042005,235,Providence,Big East,30,14,16,1250,0,46.3,1673,775,51.7,1140,589,34.9,533,186,70.9,491,348,1003,639,364,2,426,0,2,504,0,0,0,2254,29.3,36.3,51.9,,462,174,216,0,59.7,,42.2,1684,710,46.9,1164,546,31.5,520,164,69.1,637,440,1011,590,421,6,395,0,2,459,0,0,0,2182,37.8,41.6,47,,395,98,238,0,55.5,
2005,20042005,236,Purdue,Big Ten,28,7,21,1140,0,42.6,1402,597,47.9,988,473,30,414,124,69.6,464,323,859,546,313,13,386,0,4,478,0,0,0,1762,33.1,36.4,47,,334,87,143,0,54.9,,44.7,1385,619,46.9,907,425,40.6,478,194,66,506,334,835,539,296,12,341,0,2,444,0,0,0,1906,36.5,35.4,51.7,,388,93,184,0,59.3,
2005,20042005,237,Purdue Fort Wayne,Indep.,28,7,21,1150,0,41.5,1304,541,45.8,823,377,34.1,481,164,62.8,427,268,814,520,294,8,378,0,3,428,0,0,0,1731,32.7,36.1,47.8,,291,96,155,0,58,,45.8,1310,600,50.4,944,476,33.9,366,124,72.8,485,353,828,561,267,7,333,0,4,418,0,0,0,1979,37,32.2,50.5,,338,66,202,0,65,
2005,20042005,238,Quinnipiac,NEC,27,10,17,1130,0,44.9,1036,465,51.7,638,330,33.9,398,135,75.6,369,279,606,421,185,1,279,0,6,406,0,0,0,2021,35.6,30.5,51.4,,263,30,97,0,84.3,,45.8,1081,495,51.4,759,390,32.6,322,105,72.8,486,354,672,436,236,1,251,0,3,350,0,0,0,2131,45,35.1,50.6,,260,69,130,0,82.3,
2005,20042005,239,Radford,Big South,28,12,16,1155,0,42.8,1580,677,47.4,1110,526,32.1,470,151,71.3,522,372,926,602,324,2,371,0,6,488,0,0,0,1943,33,35,47.6,,313,80,196,0,53.7,,45.1,1545,697,51.9,1017,528,32,528,169,68.9,569,392,1001,662,339,3,390,0,2,467,0,0,0,2011,36.8,33.9,50.6,,358,72,179,0,56,
2005,20042005,240,Rhode Island,A-10,27,6,21,1110,0,37.3,1295,483,39.8,910,362,31.4,385,121,64.2,466,299,887,516,371,1,346,0,3,437,0,0,0,1552,36,41.8,42,,256,91,147,0,51.7,,41.5,1247,518,45.1,772,348,35.8,475,170,68.2,475,324,799,525,274,4,298,0,4,420,0,0,0,1721,38.1,34.3,48.4,,326,113,178,0,59.1,
2005,20042005,241,Rice,WAC,30,18,12,1265,0,47.8,1436,686,52.5,1087,571,33,349,115,71.8,524,376,927,639,288,1,334,0,7,443,0,0,0,2227,36.5,31.1,51.8,,400,98,156,0,66.8,,42,1513,636,45.6,1065,486,33.5,448,150,68.4,456,312,870,546,324,1,313,0,10,446,0,0,0,2097,30.1,37.2,47,,389,75,178,0,61.2,
2005,20042005,242,Richmond,A-10,28,14,14,1120,0,44.2,1450,641,48.4,1002,485,34.8,448,156,63.3,540,342,878,586,292,6,368,0,4,526,0,0,0,1876,37.2,33.3,49.6,,383,107,168,0,55.6,,42.7,1454,621,46.4,924,429,36.2,530,192,67.4,607,409,972,629,343,7,398,0,2,520,0,0,0,1924,41.7,35.3,49.3,,361,96,178,0,55.9,
2005,20042005,243,Rider,MAAC,29,18,11,1205,0,43.7,1678,734,48.1,1051,506,36.4,627,228,75.1,530,398,1011,674,337,10,336,0,2,486,0,0,0,2170,31.6,33.3,50.5,,416,81,208,0,56.8,,44.6,1671,745,51.6,1099,567,31.1,572,178,70,510,357,1028,682,346,6,377,0,5,495,0,0,0,2096,30.5,33.7,49.9,,431,110,188,0,55.3,
2005,20042005,244,Robert Morris,NEC,29,14,15,1160,0,45.1,1420,640,49.3,922,455,37.1,498,185,70.2,513,360,801,546,255,3,347,0,6,478,0,0,0,2018,36.1,31.8,51.6,,341,64,188,0,61.3,,47.2,1425,673,53.7,923,496,35.3,502,177,68.1,442,301,895,615,280,4,384,0,2,471,0,0,0,2035,31,31.3,53.4,,388,58,160,0,62.8,
2005,20042005,245,Rutgers,Big East,29,10,19,1190,0,40.1,1557,625,44.4,1049,466,31.3,508,159,73,460,336,876,557,319,5,308,0,5,455,0,0,0,1883,29.5,36.4,45.2,,346,85,170,0,53.5,,46.7,1499,700,52.5,960,504,36.4,539,196,68,462,314,1002,679,323,3,349,0,6,437,0,0,0,2026,30.8,32.2,53.2,,415,119,152,0,59.5,
2005,20042005,246,SE Louisiana,Southland,32,23,9,1280,0,45.9,1390,638,50.3,1061,534,31.6,329,104,65.5,551,361,854,565,289,6,395,0,4,486,0,0,0,2005,39.6,33.8,49.6,,319,107,254,0,61.4,,41.7,1309,546,45.1,910,410,34.1,399,136,67.9,486,330,858,579,279,3,485,0,5,496,0,0,0,1789,37.1,32.5,46.9,,292,50,140,0,58.7,
2005,20042005,248,SMU,WAC,27,14,13,1160,0,45,1307,588,48.6,1016,494,32.3,291,94,69.7,455,317,794,511,283,2,329,0,3,415,0,0,0,1889,34.8,35.6,48.6,,314,96,197,0,62.7,,43.8,1291,566,47.7,926,442,34,365,124,69.6,427,297,795,508,287,3,373,0,1,435,0,0,0,1815,33.1,36.1,48.6,,334,79,166,0,61.4,
2005,20042005,249,Sacramento State,Big Sky,28,12,16,1150,0,38.5,1516,583,41.5,985,409,32.8,531,174,68.9,588,405,894,530,364,1,362,0,3,569,0,0,0,1934,38.8,40.7,44.2,,297,73,248,0,54.5,,45.5,1322,601,50.7,896,454,34.5,426,147,69.9,675,472,973,676,297,3,457,0,5,500,0,0,0,2040,51.1,30.5,51,,356,86,158,0,63,
2005,20042005,250,Sacred Heart,NEC,27,4,23,1095,0,44.3,1254,555,49.6,921,457,29.4,333,98,63.7,476,303,782,514,268,4,428,0,2,471,0,0,0,1756,38,34.3,48.2,,283,58,181,0,60,,46.8,1277,597,51.1,835,427,38.5,442,170,70.9,525,372,770,527,243,5,353,0,1,444,0,0,0,2009,41.1,31.6,53.4,,339,62,179,0,66.6,
2005,20042005,251,Saint Joseph's,A-10,36,24,12,1440,0,43,1610,692,46.5,931,433,38.1,679,259,66.2,710,470,1150,783,367,16,450,0,3,551,0,0,0,2294,44.1,31.9,51,,479,176,173,0,59.7,,38.8,1749,679,41.3,1230,508,32.9,519,171,64.3,543,349,1039,672,367,10,393,0,5,614,0,0,0,2110,31,35.3,43.7,,373,98,215,0,53.1,
2005,20042005,252,Saint Louis,CUSA,30,9,21,1250,0,41.2,1273,524,46,926,426,28.2,347,98,65.8,444,292,855,620,235,5,355,0,4,426,0,0,0,1693,34.9,27.5,45,,310,49,162,0,57.6,,40.2,1400,563,42.8,874,374,35.9,526,189,67.8,369,250,867,593,274,6,308,0,2,433,0,0,0,1824,26.4,31.6,47,,317,79,169,0,58.4,
2005,20042005,253,Saint Mary's,WCC,34,25,9,1385,0,44.3,1369,606,48.6,851,414,37.1,518,192,72.6,580,421,943,627,316,9,423,0,3,452,0,0,0,2373,42.4,33.5,51.3,,313,85,161,0,73.1,,42.9,1470,630,45.8,1126,516,33.1,344,114,69.6,447,311,824,534,290,8,359,0,7,516,0,0,0,2178,30.4,35.2,46.7,,273,89,171,0,65.3,
2005,20042005,254,Saint Peter's,MAAC,28,15,13,1135,0,42.7,1566,668,47.8,1018,487,33,548,181,68.5,524,359,893,538,355,6,325,0,7,491,0,0,0,2200,33.5,39.8,48.4,,354,66,208,0,61.2,,46.1,1422,655,50.7,1013,514,34.5,409,141,70.7,584,413,940,625,315,3,403,0,8,470,0,0,0,2163,41.1,33.5,51,,374,126,149,0,64.4,
2005,20042005,255,Sam Houston,Southland,29,17,12,1160,0,45.7,1498,684,50.2,1053,529,34.8,445,155,63.4,620,393,1036,712,324,3,460,0,4,545,0,0,0,2121,41.4,31.3,50.8,,459,120,196,0,59.9,,38.6,1500,579,42.7,1055,451,28.8,445,128,69,638,440,929,615,314,1,440,0,2,566,0,0,0,1957,42.5,33.8,42.9,,340,81,228,0,54.9,
2005,20042005,256,Samford,OVC,27,15,12,1140,0,50,1043,521,57.9,541,313,41.4,502,208,74.2,391,290,558,432,126,7,287,0,6,348,0,0,0,1746,37.5,22.6,59.9,,299,21,168,0,71.8,,48.7,1153,562,53.6,798,428,37.7,355,134,71.4,315,225,671,454,217,5,316,0,8,394,0,0,0,1680,27.3,32.3,54.6,,279,58,135,0,65,
2005,20042005,257,San Diego State,Mountain West,29,11,18,1220,0,42.9,1127,483,47.6,781,372,32.1,346,111,69.1,405,280,626,395,231,2,299,0,5,364,0,0,0,1989,35.9,36.9,47.8,,232,56,158,0,76.2,,47.2,1115,526,54.1,725,392,34.4,390,134,71.2,389,277,706,466,240,8,307,0,3,345,0,0,0,2062,34.9,34,53.2,,302,64,143,0,80.2,
2005,20042005,258,San Diego,WCC,29,16,13,1175,0,48,1519,729,50.8,1046,531,41.9,473,198,75.3,572,431,926,641,285,9,461,0,7,540,0,0,0,2222,37.7,30.8,54.5,,443,57,194,0,62.7,,45.4,1549,704,50,1059,529,35.7,490,175,72,583,420,876,575,301,7,442,0,5,533,0,0,0,2130,37.6,34.4,51.1,,398,100,220,0,59,
2005,20042005,259,San Francisco,WCC,31,17,14,1310,0,40,1569,628,43.7,1011,442,33.3,558,186,68.3,530,362,945,617,328,6,339,0,3,523,0,0,0,2138,33.8,34.7,46,,306,64,209,0,59.3,,42.7,1451,619,46.5,1001,465,34.2,450,154,69.5,594,413,1018,705,313,1,412,0,2,464,0,0,0,2136,40.9,30.7,48,,321,50,144,0,62.4,
2005,20042005,260,San Jos State,WAC,29,6,23,1160,0,40.6,1304,529,43.5,865,376,34.9,439,153,74.7,296,221,711,494,217,6,300,0,6,379,0,0,0,1769,22.7,30.5,46.4,,308,40,105,0,61.7,,45.4,1311,595,51.3,874,448,33.6,437,147,74.1,397,294,847,584,263,5,292,0,3,336,0,0,0,2062,30.3,31.1,51,,361,69,146,0,69.4,
2005,20042005,261,Santa Clara,WCC,30,14,16,1230,0,42,1577,663,46,1043,480,34.3,534,183,72.6,602,437,953,618,335,5,353,0,11,567,0,0,0,2222,38.2,35.2,47.8,,381,50,179,0,60.3,,44.2,1456,643,46.6,970,452,39.3,486,191,72.9,623,454,944,665,279,4,403,0,4,531,0,0,0,2207,42.8,29.6,50.7,,391,88,164,0,63.8,
2005,20042005,263,Seton Hall,Big East,28,12,16,1135,0,40.4,1408,569,43,1028,442,33.4,380,127,72.3,426,308,898,576,322,4,352,0,2,492,0,0,0,1756,30.3,35.9,44.9,,312,79,165,0,55,,41.1,1318,542,44.4,894,397,34.2,424,145,72.1,559,403,854,576,278,6,328,0,2,449,0,0,0,1785,42.4,32.6,46.6,,313,96,193,0,57.1,
2005,20042005,264,Siena,MAAC,30,6,24,1245,0,37.5,1648,618,42.2,1068,451,28.8,580,167,70.1,558,391,1062,668,394,8,434,0,8,614,0,0,0,1922,33.9,37.1,42.6,,330,57,191,0,50.8,,43.9,1527,670,47.9,946,453,37.3,581,217,66.9,718,480,1048,729,319,5,396,0,9,533,0,0,0,2190,47,30.4,51,,423,136,215,0,59.4,
2005,20042005,265,South Alabama,Sun Belt,27,10,17,1095,0,41.3,1145,473,45.4,654,297,35.8,491,176,64.9,478,310,744,518,226,3,356,0,9,451,0,0,0,1683,41.7,30.4,49,,258,65,164,0,62.1,,42.7,1249,533,46.1,881,406,34.5,368,127,70.7,457,323,817,552,265,6,299,0,4,425,0,0,0,1786,36.6,32.4,47.8,,290,62,149,0,61.6,
2005,20042005,266,South Carolina,SEC,33,20,13,1380,0,47,1619,761,52.1,1181,615,33.3,438,146,61.2,567,347,980,634,346,7,358,0,7,481,0,0,0,2263,35,35.3,51.5,,389,127,218,0,60.6,,42,1598,671,46.6,997,465,34.3,601,206,67,518,347,1007,639,368,16,419,0,3,540,0,0,0,2132,32.4,36.5,48.4,,382,89,192,0,58.4,
2005,20042005,267,South Carolina State,MEAC,31,19,12,1300,0,45.1,1319,595,50.3,947,476,32,372,119,69.8,573,400,927,611,316,6,422,0,4,482,0,0,0,2086,43.4,34.1,49.6,,291,54,200,0,66.4,,39.1,1325,518,43.9,868,381,30,457,137,68.8,519,357,780,494,286,9,398,0,3,484,0,0,0,1903,39.2,36.7,44.3,,237,85,170,0,61.3,
2005,20042005,271,South Florida,CUSA,30,14,16,1200,0,44.1,1534,677,48.2,1067,514,34.9,467,163,70,626,438,994,667,327,4,445,0,4,581,0,0,0,2029,40.8,32.9,49.4,,379,103,206,0,56.1,,41.1,1578,649,44.7,1082,484,33.3,496,165,71.3,655,467,993,631,362,8,425,0,3,549,0,0,0,1996,41.5,36.5,46.4,,346,102,209,0,53.5,
2005,20042005,272,Southeast Missouri State,OVC,29,15,14,1210,0,47.1,1355,638,52.2,915,478,36.4,440,160,68.9,440,303,769,545,224,3,347,0,2,397,0,0,0,2042,32.5,29.1,53,,367,104,204,0,65.9,,45.8,1385,634,49.7,1047,520,33.7,338,114,73.1,442,323,827,566,261,6,360,0,3,426,0,0,0,1972,31.9,31.6,49.9,,332,70,183,0,62.4,
2005,20042005,273,Southern Illinois,MVC,35,27,8,1400,0,45,1787,805,48.6,1270,617,36.4,517,188,74.8,485,363,1055,691,364,13,413,0,2,632,0,0,0,2365,27.1,34.5,50.3,,436,87,298,0,59.1,,42.2,1572,663,45.6,1116,509,33.8,456,154,69.7,641,447,1035,690,345,4,539,0,4,510,0,0,0,2123,40.8,33.3,47.1,,359,86,194,0,57.3,
2005,20042005,274,Southern,SWAC,28,14,14,1150,0,40.1,871,349,45.3,623,282,27,248,67,63.4,320,203,575,376,199,9,284,0,5,306,0,0,0,1817,36.7,34.6,43.9,,195,42,109,0,89.8,,42.4,859,364,47.2,604,285,31,255,79,64.8,335,217,561,380,181,7,254,0,4,300,0,0,0,1834,39,32.3,47,,202,49,115,0,91.1,
2005,20042005,275,Southern Miss,CUSA,28,11,17,1135,0,41.7,1145,477,45.1,807,364,33.4,338,113,73.3,480,352,731,506,225,6,302,0,7,394,0,0,0,1897,41.9,30.8,46.6,,228,31,147,0,69.9,,45.7,1194,546,50.8,793,403,35.7,401,143,69.5,453,315,732,508,224,6,276,0,3,396,0,0,0,1981,37.9,30.6,51.7,,298,56,170,0,71.1,
2005,20042005,276,Southern Utah,Summit,27,13,14,1115,0,44.3,1147,508,46.6,746,348,39.9,401,160,64,325,208,599,389,210,0,278,0,3,370,0,0,0,1909,28.3,35.1,51.3,,318,33,181,0,74,,48.4,1110,537,53.7,702,377,39.2,408,160,70.6,418,295,740,494,246,1,303,0,2,326,0,0,0,1982,37.7,33.2,55.6,,314,61,130,0,76.6,
2005,20042005,277,St. Bonaventure,A-10,28,2,26,1140,0,39,1440,562,43,1011,435,29.6,429,127,64.1,437,280,803,498,305,3,374,0,5,471,0,0,0,1718,30.3,38,43.4,,305,37,148,0,52.6,,50.1,1393,698,56.4,949,535,36.7,444,163,71.9,559,402,927,651,276,5,332,0,5,410,0,0,0,2168,40.1,29.8,56,,452,113,193,0,66.1,
2005,20042005,278,St. Francis (PA),NEC,27,15,12,1095,0,47.4,1335,633,50.1,966,484,40.4,369,149,74.5,431,321,756,507,249,10,359,0,1,415,0,0,0,1882,32.3,32.9,53,,410,58,153,0,61.7,,48.8,1399,683,53.2,1009,537,37.4,390,146,69.3,394,273,797,517,280,3,334,0,3,456,0,0,0,1904,28.2,35.1,54,,363,78,191,0,60.5,
2005,20042005,279,St. John's,Big East,26,8,18,1040,0,42.5,1347,572,46,1021,470,31.3,326,102,66.5,436,290,876,531,345,11,406,0,6,451,0,0,0,1672,32.4,39.4,46.3,,291,98,201,0,54.3,,42.8,1293,553,47,868,408,34.1,425,145,68.4,493,337,803,509,294,10,387,0,4,411,0,0,0,1747,38.1,36.6,48.4,,315,110,228,0,57.9,
2005,20042005,281,Stanford,Pac-12,30,18,12,1215,0,43.2,1665,719,45.6,1319,601,34.1,346,118,73.4,639,469,1046,690,356,1,400,0,3,518,0,0,0,2097,38.4,34,46.7,,350,83,189,0,53.9,,42.1,1685,709,44,1206,531,37.2,479,178,71.3,547,390,1038,677,361,2,428,0,3,561,0,0,0,2048,32.5,34.8,47.4,,367,112,199,0,53.2,
2005,20042005,282,Stephen F. Austin,Southland,27,12,15,1080,0,44.2,1340,592,46.9,1025,481,35.2,315,111,71,493,350,840,518,322,6,380,0,1,474,0,0,0,1751,36.8,38.3,48.3,,291,39,159,0,56.2,,45.7,1220,557,51,869,443,32.5,351,114,68.6,497,341,735,512,223,7,404,0,0,478,0,0,0,1676,40.7,30.3,50.3,,269,92,158,0,58.2,
2005,20042005,283,Stetson,ASUN,27,10,17,1095,0,42.9,1381,593,46.8,1031,482,31.7,350,111,70.6,523,369,873,558,315,7,378,0,14,447,0,0,0,1791,37.9,36.1,47,,265,43,206,0,55.6,,44.8,1389,622,53.6,754,404,34.3,635,218,68.9,479,330,835,550,285,3,377,0,5,469,0,0,0,1954,34.5,34.1,52.6,,417,95,167,0,61.1,
2005,20042005,285,Stony Brook,Am. East,28,12,16,1135,0,40.2,1379,555,42.7,981,419,34.2,398,136,70.9,485,344,904,623,281,5,368,0,5,460,0,0,0,1736,35.2,31.1,45.2,,264,62,152,0,54.5,,42.6,1428,609,46.8,1001,468,33,427,141,69.2,483,334,898,616,282,2,322,0,3,437,0,0,0,1841,33.8,31.4,47.6,,277,91,191,0,56.1,
2005,20042005,286,Syracuse,Big East,34,27,7,1390,0,47.6,1558,741,53,1162,616,31.6,396,125,67.9,607,412,1011,628,383,5,361,0,3,439,0,0,0,2548,39,37.9,51.6,,429,112,220,0,69.8,,39.7,1538,610,44.4,917,407,32.7,621,203,69.6,506,352,926,550,376,9,398,0,6,506,0,0,0,2197,32.9,40.6,46.3,,400,96,182,0,62.4,
2005,20042005,287,TCU,CUSA,34,20,14,1390,0,41,1655,679,43.8,1007,441,36.7,648,238,59.1,729,431,1085,712,373,4,419,0,4,592,0,0,0,2392,44,34.4,48.2,,368,56,243,0,60.5,,42,1629,684,46.1,1036,478,34.7,593,206,64.5,609,393,1107,757,350,8,469,0,6,606,0,0,0,2315,37.4,31.6,48.3,,412,140,182,0,61,
2005,20042005,289,Temple,A-10,29,16,13,1160,0,39.5,1560,616,47,951,447,27.8,609,169,67,533,357,998,593,405,6,245,0,5,433,0,0,0,1852,34.2,40.6,44.9,,274,83,200,0,51.6,,40.3,1416,571,46.9,754,354,32.8,662,217,67.6,463,313,948,620,328,12,349,0,1,449,0,0,0,1778,32.7,34.6,48,,368,107,105,0,54.9,
2005,20042005,290,Tennessee State,OVC,30,13,17,1265,0,44.8,1555,697,49.3,1010,498,36.5,545,199,68,518,352,928,590,338,8,412,0,12,512,0,0,0,2235,33.3,36.4,51.2,,396,114,220,0,62.7,,46.1,1522,702,50.8,1022,519,36.6,500,183,68.4,583,399,929,598,331,5,411,0,12,512,0,0,0,2323,38.3,35.6,52.1,,405,85,203,0,65.3,
2005,20042005,291,Tennessee Tech,OVC,28,18,10,1185,0,46.1,1405,648,51.6,979,505,33.6,426,143,71,582,413,930,604,326,9,413,0,4,501,0,0,0,2087,41.4,35.1,51.2,,373,101,229,0,62.8,,41.3,1355,559,44.9,880,395,34.5,475,164,70.5,555,391,796,524,272,15,425,0,1,475,0,0,0,1904,41,34.2,47.3,,327,77,216,0,59.5,
2005,20042005,292,Tennessee,SEC,31,14,17,1255,0,44.8,1549,694,48.4,1010,489,38,539,205,68.6,494,339,922,619,303,7,385,0,2,498,0,0,0,2138,31.9,32.9,51.4,,380,86,206,0,60.5,,45.7,1534,701,50.1,1021,512,36.8,513,189,64.2,514,330,952,634,318,3,406,0,2,479,0,0,0,2135,33.5,33.4,51.9,,421,67,192,0,60.6,
2005,20042005,293,Texas A&M,Big 12,31,21,10,1240,0,48.1,1425,685,52.2,973,508,39.2,452,177,68.7,667,458,959,670,289,3,393,0,5,630,0,0,0,2282,46.8,30.1,54.3,,438,95,166,0,66.4,,40.2,1452,583,43.2,939,406,34.5,513,177,68.8,676,465,887,565,322,3,403,0,6,581,0,0,0,1970,46.6,36.3,46.2,,352,75,155,0,56.3,
2005,20042005,294,Texas A&M-Corpus Christi,Indep.,28,20,8,1120,0,48.8,1082,528,52.9,773,409,38.5,309,119,75.1,358,269,713,490,223,3,340,0,3,326,0,0,0,2104,33.1,31.3,54.3,,350,91,138,0,84.9,,41.4,1118,463,46.9,688,323,32.6,430,140,67.8,348,236,610,380,230,5,305,0,2,349,0,0,0,1818,31.1,37.7,47.7,,263,38,165,0,71.5,
2005,20042005,295,Texas,Big 12,31,20,11,1270,0,45,1592,716,48.7,1028,501,38.1,564,215,70.4,666,469,1106,733,373,0,398,0,1,490,0,0,0,2384,41.8,33.7,51.7,,357,116,162,0,63.2,,39,1704,665,43.2,1067,461,32,637,204,68.5,537,368,975,609,366,0,351,0,2,611,0,0,0,2124,31.5,37.5,45,,353,84,196,0,54.7,
2005,20042005,296,Texas Southern,SWAC,26,11,15,1070,0,41.7,875,365,46.7,625,292,29.2,250,73,63.5,416,264,639,426,213,2,252,0,3,304,0,0,0,1711,47.5,33.3,45.9,,194,51,74,0,80.9,,40,957,383,43,633,272,34.3,324,111,63.7,339,216,588,383,205,4,195,0,4,335,0,0,0,1787,35.4,34.9,45.8,,212,63,118,0,80.8,
2005,20042005,297,Texas State,Southland,28,14,14,1155,0,44.7,1254,560,48.8,843,411,36.3,411,149,71.3,512,365,811,546,265,1,362,0,3,470,0,0,0,1914,40.8,32.7,50.6,,273,49,153,0,64.7,,43.3,1341,580,48.2,854,412,34.5,487,168,67.8,472,320,815,515,300,8,344,0,5,470,0,0,0,1936,35.2,36.8,49.5,,350,95,164,0,62.5,
2005,20042005,298,Texas Tech,Big 12,33,22,11,1340,0,47.2,1768,834,49.2,1432,705,38.4,336,129,75.7,630,477,1013,681,332,1,382,0,1,502,0,0,0,2535,35.6,32.8,50.8,,486,102,240,0,62,,44.1,1763,778,47.2,1179,556,38,584,222,68.1,496,338,1072,682,390,5,516,0,0,566,0,0,0,2287,28.1,36.4,50.4,,442,106,185,0,57.7,
2005,20042005,299,The Citadel,SoCon,28,12,16,1120,0,41.6,1355,564,46.4,868,403,33.1,487,161,64.5,547,353,916,605,311,4,431,0,7,514,0,0,0,1868,40.4,34,47.6,,258,103,189,0,58.5,,41.7,1397,583,47.1,891,420,32.2,506,163,67.1,554,372,881,575,306,11,396,0,8,482,0,0,0,1953,39.7,34.7,47.6,,315,80,211,0,59.5,
2005,20042005,300,Toledo,MAC,29,16,13,1210,0,45.5,1461,665,51.2,951,487,34.9,510,178,71.2,511,364,824,532,292,5,357,0,3,527,0,0,0,2055,35,35.4,51.6,,376,72,259,0,60.9,,44.4,1348,598,49.8,920,458,32.7,428,140,68.4,626,428,904,588,316,9,450,0,3,488,0,0,0,1990,46.4,35,49.6,,331,75,143,0,61.3,
2005,20042005,301,Towson,CAA,29,5,24,1180,0,38.6,1342,518,41.9,867,363,32.6,475,155,69,449,310,837,538,299,11,346,0,2,475,0,0,0,1803,33.5,35.7,44.4,,312,80,142,0,58.6,,44,1315,579,48.4,847,410,36.1,468,169,65.7,572,376,882,590,292,4,294,0,8,405,0,0,0,2035,43.5,33.1,50.5,,372,110,184,0,64.9,
2005,20042005,302,Troy,ASUN,30,12,18,1200,0,43.1,1612,694,49.4,807,399,36.6,805,295,67.4,405,273,792,525,267,10,323,0,5,433,0,0,0,2244,25.1,33.7,52.2,,413,72,263,0,62.7,,47.4,1520,720,54.9,867,476,37.4,653,244,70.3,491,345,1083,727,356,7,466,0,9,420,0,0,0,2324,32.3,32.9,55.4,,458,71,161,0,66.9,
2005,20042005,303,Tulane,CUSA,27,10,17,1095,0,42.3,1280,541,47.8,835,399,31.9,445,142,74,412,305,841,578,263,5,405,0,2,458,0,0,0,1810,32.2,31.3,47.8,,346,95,126,0,61.9,,42.8,1431,613,47.5,973,462,33,458,151,63,548,345,872,536,336,5,259,0,2,393,0,0,0,1984,38.3,38.5,48.1,,340,66,225,0,59.3,
2005,20042005,304,Tulsa,WAC,28,9,19,1180,0,44,1528,672,47.9,1094,524,34.1,434,148,69.7,501,349,941,678,263,1,383,0,3,564,0,0,0,1997,32.8,27.9,48.8,,364,149,190,0,57.1,,41.2,1472,606,43.4,1037,450,35.9,435,156,69.9,675,472,1001,690,311,2,392,0,3,463,0,0,0,2011,45.9,31.1,46.5,,345,83,192,0,56.8,
2005,20042005,305,UAB,CUSA,33,22,11,1350,0,44.4,1635,726,48.4,1124,544,35.6,511,182,69.1,627,433,866,548,318,7,347,0,4,521,0,0,0,2557,38.3,36.7,50,,417,83,314,0,66.9,,44.9,1453,653,49.7,929,462,36.5,524,191,72.9,602,439,1013,681,332,12,553,0,2,524,0,0,0,2371,41.4,32.8,51.5,,381,99,163,0,69,
2005,20042005,306,UAlbany,Am. East,27,13,14,1110,0,43.8,1260,552,46.8,873,409,37,387,143,74,507,375,817,550,267,4,363,0,6,420,0,0,0,1825,40.2,32.7,49.5,,310,58,194,0,61.5,,42.6,1286,548,46.8,817,382,35.4,469,166,69.5,429,298,775,510,265,2,366,0,11,460,0,0,0,1739,33.4,34.2,49.1,,321,93,152,0,59,
2005,20042005,308,UC Irvine,Big West,29,16,13,1175,0,46,1328,611,50.6,934,473,35,394,138,70.7,488,345,854,611,243,2,334,0,4,436,0,0,0,1991,36.7,28.5,51.2,,383,68,123,0,64.5,,41.4,1400,580,44,931,410,36.2,469,170,73.3,476,349,822,550,272,0,283,0,2,457,0,0,0,1962,34,33.1,47.5,,265,51,139,0,61,
2005,20042005,309,UC Riverside,Big West,28,9,19,1120,0,41.9,1228,515,47.2,782,369,32.7,446,146,69,448,309,793,559,234,3,363,0,3,440,0,0,0,1745,36.5,29.5,47.9,,329,47,118,0,61.2,,42.5,1317,560,47.4,931,441,30.8,386,119,70.4,467,329,818,550,268,1,309,0,2,432,0,0,0,1876,35.5,32.8,47,,280,80,164,0,61.6,
2005,20042005,311,UC Santa Barbara,Big West,29,11,18,1175,0,40.7,1307,532,44.5,818,364,34.4,489,168,66,476,314,789,538,251,4,318,0,2,406,0,0,0,1718,36.4,31.8,47.1,,273,83,181,0,56.6,,43,1343,578,48.6,830,403,34.1,513,175,68.6,440,302,915,618,297,2,368,0,2,433,0,0,0,1823,32.8,32.5,49.6,,340,60,129,0,59.3,
2005,20042005,312,UCF,ASUN,33,24,9,1350,0,46.4,1648,765,53.7,907,487,37.5,741,278,69.6,624,434,1136,744,392,11,485,0,7,608,0,0,0,2304,37.9,34.5,54.9,,503,142,216,0,59.9,,42.6,1694,721,46.4,1142,530,34.6,552,191,67.1,687,461,954,593,361,5,382,0,7,584,0,0,0,2152,40.6,37.8,48.2,,363,87,256,0,53.9,
2005,20042005,313,UCLA,Pac-12,28,17,11,1155,0,45.4,1379,626,50.7,938,476,34,441,150,72.2,532,384,898,617,281,6,384,0,1,448,0,0,0,2064,38.6,31.3,50.8,,347,58,138,0,64,,44.7,1423,636,48.8,1005,490,34.9,418,146,66.9,480,321,789,535,254,4,332,0,9,457,0,0,0,2016,33.7,32.2,49.8,,338,64,153,0,61.7,
2005,20042005,314,UConn,Big East,30,22,8,1220,0,46.9,1670,784,50.7,1281,649,34.7,389,135,69.5,686,477,1255,843,412,2,417,0,5,448,0,0,0,2320,41.1,32.8,51,,482,240,164,0,58.8,,37.8,1808,684,41,1194,489,31.8,614,195,67.6,485,328,953,580,373,10,331,0,5,557,0,0,0,2024,26.8,39.1,43.2,,397,117,234,0,50.1,
2005,20042005,315,UIC,Horizon,28,14,14,1135,0,43.9,1450,637,47.4,1057,501,34.6,393,136,68.1,514,350,894,554,340,5,321,0,4,445,0,0,0,1975,35.4,38,48.6,,321,45,175,0,58.9,,44.7,1349,603,48.8,886,432,36.9,463,171,69.9,481,336,841,566,275,9,375,0,3,496,0,0,0,1938,35.7,32.7,51,,341,92,150,0,62.1,
2005,20042005,316,UL Monroe,Southland,26,7,19,1070,0,42,1283,539,45.3,907,411,34,376,128,62.9,450,283,788,506,282,1,365,0,5,445,0,0,0,1674,35.1,35.8,47,,293,70,154,0,56.5,,44.6,1241,554,48.2,874,421,36.2,367,133,71,497,353,800,537,263,5,353,0,4,409,0,0,0,1834,40,32.9,50,,315,59,189,0,62.8,
2005,20042005,317,UMBC,Am. East,29,11,18,1160,0,39.6,1373,544,43.1,970,418,31.3,403,126,63.4,448,284,858,558,300,6,315,0,6,451,0,0,0,1777,32.6,35,44.2,,324,58,145,0,56.6,,43.3,1322,572,49.2,851,419,32.5,471,153,71.5,522,373,903,621,282,2,320,0,5,436,0,0,0,1924,39.5,31.2,49.1,,305,93,161,0,62,
2005,20042005,319,UNC Asheville,Big South,28,11,17,1135,0,42.1,1420,598,46.3,928,430,34.1,492,168,69.6,493,343,864,542,322,5,377,0,1,463,0,0,0,1994,34.7,37.3,48,,352,101,165,0,60.9,,46,1432,659,50.7,989,501,35.7,443,158,68.3,536,366,911,585,326,5,344,0,7,426,0,0,0,2118,37.4,35.8,51.5,,405,81,221,0,63.5,
2005,20042005,320,UNC Greensboro,SoCon,29,17,12,1175,0,44.4,1493,663,49.4,1107,547,30.1,386,116,68.5,626,429,955,624,331,4,463,0,8,420,0,0,0,2078,41.9,34.7,48.3,,290,148,233,0,58.8,,41.7,1692,706,44.6,1172,523,35.2,520,183,67.3,443,298,1046,613,433,7,447,0,4,507,0,0,0,2130,26.2,41.4,47.1,,387,104,247,0,56.4,
2005,20042005,321,UNC Wilmington,CAA,28,18,10,1150,0,40.4,1362,550,43.3,900,390,34.6,462,160,72.6,434,315,833,563,270,6,281,0,3,494,0,0,0,1811,31.9,32.4,46.3,,305,30,164,0,58.3,,43.3,1207,523,48.9,758,371,33.9,449,152,67.6,531,359,829,604,225,5,345,0,7,453,0,0,0,1788,44,27.1,49.6,,293,67,133,0,62.1,
2005,20042005,322,UNLV,Mountain West,31,17,14,1285,0,44.8,1453,651,49.3,981,484,35.4,472,167,69.8,520,363,923,640,283,3,371,0,2,510,0,0,0,2272,35.8,30.7,50.6,,345,92,155,0,67.5,,42.7,1463,625,48.2,944,455,32.8,519,170,69.2,571,395,911,612,299,7,352,0,2,464,0,0,0,2245,39,32.8,48.5,,337,69,156,0,65.5,
2005,20042005,323,USC,Pac-12,29,13,16,1175,0,44.9,1493,671,49.1,974,478,37.2,519,193,60.4,422,255,844,516,328,5,408,0,6,471,0,0,0,2178,28.3,38.9,51.4,,361,61,198,0,64.9,,48.4,1373,664,53.6,953,511,36.4,420,153,69.5,570,396,829,566,263,8,378,0,1,413,0,0,0,2235,41.5,31.7,53.9,,385,63,191,0,68.8,
2005,20042005,324,UT Arlington,Southland,27,12,15,1095,0,46.5,1262,587,51.2,852,436,36.8,410,151,68.7,614,422,867,623,244,12,474,0,7,487,0,0,0,1896,48.7,28.1,52.5,,315,83,142,0,61.9,,44,1474,648,48.9,1021,499,32.9,453,149,68.2,535,365,830,541,289,2,365,0,1,541,0,0,0,1981,36.3,34.8,49,,343,75,182,0,57.9,
2005,20042005,325,UT Martin,OVC,27,6,21,1110,0,42,1216,511,47.2,892,421,27.8,324,90,66.9,481,322,734,447,287,4,319,0,5,396,0,0,0,1814,39.6,39.1,45.7,,237,54,182,0,63.5,,47.3,1200,567,53.2,788,419,35.9,412,148,72.1,441,318,780,509,271,4,323,0,5,416,0,0,0,2066,36.8,34.7,53.4,,319,83,189,0,74.1,
2005,20042005,326,UT Rio Grande Valley,Indep.,28,12,16,1120,0,39.3,750,295,43.4,475,206,32.4,275,89,71.7,290,208,497,322,175,3,237,0,0,280,0,0,0,1915,38.7,35.2,45.3,,146,35,82,0,109.1,,45.1,822,371,51.5,534,275,33.3,288,96,65,303,197,510,327,183,1,174,0,1,245,0,0,0,2009,36.9,35.9,51,,194,56,103,0,105.1,
2005,20042005,327,UTEP,WAC,34,26,8,1375,0,46.3,1457,674,50.1,1011,507,37.4,446,167,79.1,589,466,903,617,286,3,326,0,6,437,0,0,0,2549,40.4,31.7,52,,450,75,205,0,74.3,,43.4,1453,631,49,945,463,33.1,508,168,66.6,449,299,860,571,289,8,395,0,6,499,0,0,0,2220,30.9,33.6,49.2,,382,109,142,0,67.2,
2005,20042005,328,UTSA,Southland,28,15,13,1135,0,45.5,1510,687,48.3,1153,557,36.4,357,130,61,631,385,1059,691,368,4,463,0,5,499,0,0,0,2126,41.8,34.7,49.8,,392,114,204,0,59.5,,41.5,1592,660,46.5,1104,513,30.1,488,147,66.6,542,361,931,590,341,3,396,0,5,526,0,0,0,2067,34,36.6,46.1,,291,90,232,0,56.5,
2005,20042005,329,Utah State,Big West,32,24,8,1300,0,51.9,1388,720,57.8,972,562,38,416,158,69.6,496,345,931,669,262,0,340,0,1,361,0,0,0,2315,35.7,28.1,57.6,,465,78,153,0,72.1,,39.5,1476,583,43.8,939,411,32,537,172,71.4,329,235,763,479,284,5,325,0,8,440,0,0,0,1848,22.3,37.2,45.3,,284,76,176,0,57,
2005,20042005,331,Utah,Mountain West,34,28,6,1360,0,51.6,1222,631,56.4,905,510,38.2,317,121,70.3,569,400,890,609,281,8,361,0,4,374,0,0,0,2314,46.6,31.6,56.6,,389,57,160,0,78.6,,42.5,1326,563,46.9,865,406,34.1,461,157,68,316,215,620,413,207,5,306,0,4,517,0,0,0,1960,23.8,33.4,48.4,,274,81,205,0,66.9,
2005,20042005,333,VCU,CAA,32,19,13,1340,0,44.9,1507,676,49.4,1012,500,35.6,495,176,69.3,541,375,923,635,288,2,340,0,1,527,0,0,0,2240,35.9,31.2,50.7,,360,119,182,0,64.2,,40.9,1478,605,44.3,1036,459,33,442,146,69.3,613,425,976,636,340,5,377,0,4,496,0,0,0,2127,41.5,34.8,45.9,,313,47,174,0,60.9,
2005,20042005,334,VMI,Big South,27,9,18,1095,0,43.2,1358,586,48,985,473,30.3,373,113,67.3,508,342,832,556,276,9,435,0,5,451,0,0,0,1748,37.4,33.2,47.3,,289,55,194,0,55.3,,45.7,1476,675,51.4,1036,532,32.5,440,143,63.6,489,311,914,576,338,2,373,0,5,451,0,0,0,1893,33.1,37,50.6,,364,111,230,0,56,
2005,20042005,335,Valparaiso,Summit,31,15,16,1285,0,45.8,1460,669,48,1020,490,40.7,440,179,73,562,410,940,648,292,5,411,0,7,529,0,0,0,2178,38.5,31.1,52,,417,32,134,0,63.8,,45.5,1556,708,50.4,1055,532,35.1,501,176,67.9,585,397,887,584,303,6,316,0,2,494,0,0,0,2265,37.6,34.2,51.2,,383,93,194,0,62.5,
2005,20042005,336,Vanderbilt,SEC,34,20,14,1360,0,45.9,1652,759,52.1,921,480,38.2,731,279,68.4,493,337,1002,705,297,6,428,0,1,577,0,0,0,2420,29.8,29.6,54.4,,477,94,203,0,64.7,,42.1,1607,677,46.3,1071,496,33.8,536,181,64.8,644,417,998,660,338,14,431,0,3,506,0,0,0,2208,40.1,33.9,47.8,,320,103,193,0,58.4,
2005,20042005,337,Vermont,Am. East,31,24,7,1255,0,43.7,1727,755,48.8,1030,503,36.2,697,252,72.7,546,397,1133,766,367,4,363,0,2,471,0,0,0,2220,31.6,32.4,51,,458,53,201,0,56.4,,41.2,1669,687,45.8,1110,508,32,559,179,71,435,309,970,696,274,5,383,0,6,524,0,0,0,1930,26.1,28.2,46.5,,360,84,189,0,51.9,
2005,20042005,338,Villanova,Big East,32,24,8,1295,0,43.5,1840,801,47.4,1214,576,35.9,626,225,73.6,692,509,1193,730,463,5,409,0,5,593,0,0,0,2336,37.6,38.8,49.6,,385,178,267,0,54.5,,39.5,1702,672,43.4,1132,491,31.8,570,181,71.7,657,471,1061,660,401,21,528,0,2,603,0,0,0,1996,38.6,37.8,44.8,,406,132,175,0,50.1,
2005,20042005,339,Virginia,ACC,28,13,15,1170,0,42.8,1681,719,47.6,1136,541,32.7,545,178,69,596,411,999,672,327,5,382,0,1,574,0,0,0,2027,35.5,32.7,48.1,,348,104,189,0,52.2,,45,1655,744,48.8,1074,524,37.9,581,220,67.1,651,437,1062,712,350,1,388,0,4,534,0,0,0,2145,39.3,33,51.6,,451,133,181,0,55.2,
2005,20042005,340,Virginia Tech,ACC,30,16,14,1200,0,42.9,1703,731,45.8,1244,570,35.1,459,161,64.9,589,382,988,627,361,3,376,0,5,535,0,0,0,2056,34.6,36.5,47.7,,387,137,264,0,52.4,,43.8,1580,692,48.6,1043,507,34.5,537,185,66.1,616,407,1079,715,364,13,505,0,2,540,0,0,0,2061,39,33.7,49.7,,351,101,182,0,55.7,
2005,20042005,341,Wagner,NEC,29,13,16,1175,0,42.9,1347,578,47.9,971,465,30.1,376,113,63,454,286,917,610,307,6,367,0,4,426,0,0,0,1802,33.7,33.5,47.1,,294,86,163,0,58.3,,41.9,1344,563,46.1,820,378,35.3,524,185,70.3,414,291,784,547,237,4,318,0,3,440,0,0,0,1874,30.8,30.2,48.8,,363,68,174,0,61.4,
2005,20042005,342,Wake Forest,ACC,33,27,6,1370,0,49.4,1783,880,53.6,1210,649,40.3,573,231,69.4,805,559,1187,774,413,3,437,0,9,580,0,0,0,2801,45.1,34.8,55.8,,484,103,256,0,65.5,,43.4,1808,784,46.5,1180,549,37.4,628,235,69.8,597,417,970,619,351,8,435,0,11,679,0,0,0,2441,33,36.2,49.9,,414,107,222,0,58.9,
2005,20042005,343,Washington,Pac-12,35,29,6,1430,0,48.4,2024,980,52.9,1409,746,38,615,234,73.1,699,511,1175,707,468,2,446,0,8,637,0,0,0,3026,34.5,39.8,54.2,,591,69,267,0,64.9,,44.9,1809,813,49.8,1250,622,34.2,559,191,68.7,694,477,1048,662,386,2,572,0,8,604,0,0,0,2596,38.4,36.8,50.2,,448,79,215,0,61.4,
2005,20042005,344,Washington State,Pac-12,27,11,16,1145,0,40.5,1295,525,44.5,839,373,33.3,456,152,62.4,351,219,773,544,229,5,354,0,1,464,0,0,0,1529,27.1,29.6,46.4,,325,76,177,0,52.7,,41.2,1224,504,46.5,831,386,30,393,118,65.7,481,316,869,614,255,0,384,0,2,405,0,0,0,1558,39.3,29.3,46,,267,66,131,0,54.3,
2005,20042005,345,Weber State,Big Sky,29,13,16,1160,0,43.5,1339,583,49.4,939,464,29.8,400,119,72.6,453,329,862,585,277,4,333,0,5,394,0,0,0,1900,33.8,32.1,48,,332,39,111,0,61.8,,46.8,1378,645,51.9,942,489,35.8,436,156,69,352,243,762,548,214,4,285,0,2,415,0,0,0,1950,25.5,28.1,52.5,,362,90,171,0,63.6,
2005,20042005,347,West Virginia,Big East,35,24,11,1450,0,44.4,1749,777,51.8,954,494,35.6,795,283,74.6,564,421,965,658,307,10,391,0,2,488,0,0,0,2501,32.2,31.8,52.5,,529,118,250,0,62.6,,45.8,1739,796,50.1,1198,600,36.2,541,196,72.4,557,403,1104,738,366,4,476,0,5,546,0,0,0,2356,32,33.2,51.4,,448,95,220,0,59.4,
2005,20042005,348,Western Carolina,SoCon,30,8,22,1215,0,41.8,1444,604,47.2,993,469,29.9,451,135,61.5,507,312,896,561,335,5,420,0,5,463,0,0,0,2094,35.1,37.4,46.5,,326,109,213,0,62.8,,43.8,1473,645,48.3,990,478,34.6,483,167,68.5,517,354,954,601,353,4,400,0,7,476,0,0,0,2259,35.1,37,49.5,,298,75,224,0,66.4,
2005,20042005,349,Western Illinois,Summit,27,10,17,1115,0,45.3,1177,533,49.7,792,394,36.1,385,139,66.9,498,333,753,506,247,7,364,0,5,405,0,0,0,1821,42.3,32.8,51.2,,301,56,162,0,65.2,,45.8,1285,588,50.7,812,412,37.2,473,176,73.2,388,284,742,488,254,3,324,0,2,436,0,0,0,1873,30.2,34.2,52.6,,369,56,173,0,64.3,
2005,20042005,350,Western Kentucky,Sun Belt,31,22,9,1315,0,45.8,1578,722,49.9,1035,516,37.9,543,206,69.9,489,342,909,549,360,7,345,0,0,476,0,0,0,2388,31,39.6,52.3,,367,107,190,0,66.6,,47,1483,697,52.3,1049,549,34.1,434,148,66.3,498,330,918,583,335,6,423,0,3,472,0,0,0,2207,33.6,36.5,52,,354,91,126,0,64.8,
2005,20042005,351,Western Michigan,MAC,33,20,13,1365,0,43.1,1757,758,45.9,1143,525,37.9,614,233,71.3,734,523,1207,766,441,3,401,0,5,543,0,0,0,2407,41.8,36.5,49.8,,399,50,198,0,57.9,,43.2,1745,754,48,1099,528,35,646,226,63.9,527,337,1033,685,348,4,423,0,6,642,0,0,0,2217,30.2,33.7,49.7,,394,89,182,0,56.1,
2005,20042005,352,Wichita State,MVC,32,22,10,1280,0,46.7,1380,645,52.1,851,443,38.2,529,202,73,604,441,979,678,301,2,367,0,3,502,0,0,0,2300,43.8,30.7,54.1,,408,62,129,0,69.9,,41.9,1443,604,46.1,908,419,34.6,535,185,70.4,538,379,783,525,258,8,299,0,4,543,0,0,0,2132,37.3,33,48.3,,285,70,187,0,63.5,
2005,20042005,353,William & Mary,CAA,29,8,21,1195,0,41.1,1403,576,46.2,954,441,30.1,449,135,72.4,642,465,967,660,307,2,463,0,5,500,0,0,0,1880,45.8,31.7,45.9,,345,67,148,0,55.8,,44.2,1578,698,48.5,1010,490,36.6,568,208,65,517,336,918,607,311,6,341,0,6,535,0,0,0,2129,32.8,33.9,50.8,,405,92,221,0,59,
2005,20042005,354,Winthrop,Big South,32,26,6,1310,0,45,1414,637,49.3,920,454,37,494,183,66.2,597,395,951,634,317,5,374,0,5,496,0,0,0,2185,42.2,33.3,51.5,,399,100,217,0,65.2,,40.4,1353,547,44,856,377,34.2,497,170,64.7,527,341,846,569,277,7,413,0,8,490,0,0,0,1907,39,32.7,46.7,,293,56,166,0,60.2,
2005,20042005,355,Wisconsin,Big Ten,33,24,9,1320,0,44.1,1579,696,46,1006,463,40.7,573,233,67.5,597,403,1036,739,297,3,335,0,1,465,0,0,0,2221,37.8,28.7,51.5,,403,53,154,0,60.3,,42.4,1574,667,48.2,1071,516,30,503,151,67.5,464,313,927,684,243,6,350,0,3,580,0,0,0,1983,29.5,26.2,47.2,,346,92,163,0,55.8,
2005,20042005,356,Wofford,SoCon,28,14,14,1165,0,45.2,1431,647,50.4,973,490,34.3,458,157,63.2,514,325,843,566,277,8,359,0,1,441,0,0,0,2040,35.9,32.9,50.7,,375,58,220,0,61.6,,44.6,1438,641,49.2,972,478,35,466,163,70.7,454,321,927,616,311,6,417,0,1,479,0,0,0,1961,31.6,33.5,50.2,,311,76,189,0,59.9,
2005,20042005,357,Wright State,Horizon,30,15,15,1260,0,46.4,1439,668,50.3,1078,542,34.9,361,126,66.6,574,382,950,641,309,6,395,0,2,464,0,0,0,1918,39.9,32.5,50.8,,334,49,133,0,56.7,,44.9,1523,684,49.6,976,484,36.6,547,200,72.9,420,306,836,569,267,8,347,0,5,524,0,0,0,1938,27.6,31.9,51.5,,381,65,153,0,56.7,
2005,20042005,358,Wyoming,Mountain West,27,15,12,1145,0,43.8,1332,584,48.3,923,446,33.7,409,138,66.3,597,396,939,619,320,3,388,0,3,489,0,0,0,1916,44.8,34.1,49,,282,121,143,0,60.1,,42.7,1337,571,46.2,883,408,35.9,454,163,68.6,555,381,792,545,247,2,334,0,6,508,0,0,0,1888,41.5,31.2,48.8,,322,86,196,0,59.7,
2005,20042005,359,Xavier,A-10,28,17,11,1175,0,44.9,1251,562,51.4,753,387,35.1,498,175,73.8,497,367,804,526,278,4,338,0,3,432,0,0,0,1961,39.7,34.6,51.9,,360,75,136,0,66.7,,42.7,1273,544,46.3,872,404,34.9,401,140,67.2,448,301,738,461,277,4,327,0,5,447,0,0,0,1813,35.2,37.5,48.2,,329,84,190,0,61.7,
2005,20042005,360,Yale,Ivy,26,11,15,1105,0,43.7,1300,568,47.1,963,454,33.8,337,114,66.5,531,353,849,597,252,1,345,0,1,427,0,0,0,1775,40.8,29.7,48.1,,321,71,153,0,57.9,,42.2,1398,590,45.9,908,417,35.3,490,173,72.5,437,317,869,593,276,5,311,0,2,460,0,0,0,1832,31.3,31.8,48.4,,318,80,156,0,57.6,
2005,20042005,361,Youngstown State,Horizon,28,5,23,1150,0,40.9,1282,524,44.9,889,399,31.8,393,125,65,477,310,755,499,256,7,381,0,6,451,0,0,0,1681,37.2,33.9,45.7,,260,95,144,0,56.3,,46.2,1371,634,48.5,1025,497,39.6,346,137,71.2,521,371,901,594,307,4,326,0,3,460,0,0,0,2005,38,34.1,51.2,,354,77,195,0,62.6,
2005,20042005,363,Hartford,Am. East,28,8,20,1120,0,38.6,1491,575,42.1,1076,453,29.4,415,122,63.2,402,254,894,564,330,3,381,0,6,546,0,0,0,1665,27,36.9,42.7,,229,53,171,0,49.9,,43.7,1334,583,47.8,829,396,37,505,187,70.9,618,438,961,666,295,3,386,0,3,434,0,0,0,1954,46.3,30.7,50.7,,338,75,176,0,60.8,
2005,20042005,364,St. Francis Brooklyn,NEC,27,13,14,1080,0,45,1388,625,49.6,861,427,37.6,527,198,63.4,505,320,763,528,235,7,374,0,2,503,0,0,0,1898,36.4,30.8,52.2,,360,102,212,0,58.9,,46.3,1363,631,51.8,998,517,31.2,365,114,69.6,563,392,920,614,306,12,452,0,1,468,0,0,0,1893,41.3,33.3,50.5,,336,79,184,0,58.8,
2005,20042005,367,Centenary (LA),Summit,26,3,23,1070,0,42.9,1146,492,45.9,748,343,37.4,398,149,71.1,419,298,630,420,210,7,364,0,1,483,0,0,0,1658,36.6,33.3,49.4,,251,40,132,0,62.3,,50.5,1192,602,57.4,838,481,34.2,354,121,67.1,580,389,776,509,267,0,299,0,4,397,0,0,0,2020,48.7,34.4,55.6,,352,72,193,0,69.8,
2005,20042005,371,Birmingham-Southern,Big South,30,16,14,1200,0,44.5,1205,536,49.5,732,362,36.8,473,174,72.1,541,390,813,560,253,7,332,0,4,489,0,0,0,1974,44.9,31.1,51.7,,269,58,128,0,68.4,,42.9,1254,538,47.9,771,369,35,483,169,64.2,534,343,762,495,267,9,310,0,4,496,0,0,0,1893,42.6,35,49.6,,285,64,145,0,63.6,
2005,20042005,380,Savannah State,Indep.,27,0,27,1080,0,36.2,1243,450,40,885,354,26.8,358,96,57.7,435,251,779,469,310,3,404,0,6,433,0,0,0,1574,35,39.8,40.1,,177,78,137,0,54.9,,46.3,1294,599,51.8,867,449,35.1,427,150,66.9,528,353,908,586,322,2,340,0,2,399,0,0,0,2198,40.8,35.5,52.1,,350,82,204,0,72,
